,cold_cnt_d0,cold_cnt_d_plus_1,cold_cnt_d_plus_2,cold_cnt_d_plus_3,dist_name
pm25_avg_d0,0.11745642613590786,0.08375010022118669,0.1116989839971405,0.13309106916984811,SEOUL_TOTAL
pm25_max_d0,0.123139384614946,0.0775585224058442,0.11978970021188683,0.13947356675063674,SEOUL_TOTAL
pm25_streak_d0,0.05197280623659775,0.017722254408035907,0.059795166985719725,0.07077291937048312,SEOUL_TOTAL
pm25_ma_72h,0.12244077144403963,0.1294283690515302,0.14456780457434007,0.14398245333669699,SEOUL_TOTAL
pm10_avg_d0,0.14672011175154906,0.099720567823591,0.13110355620933745,0.14311831125147234,SEOUL_TOTAL
pm10_streak_d0,0.03942876617793032,0.023261812963053494,0.05050016410312696,0.0749642766170954,SEOUL_TOTAL
pm10_ma_72h,0.15382533696434753,0.15336601813491546,0.16626619150883737,0.16000265848141226,SEOUL_TOTAL
temp_avg_d0,-0.23846156711524624,-0.24111997920277806,-0.2366097759201238,-0.2355530749753447,SEOUL_TOTAL
temp_diff_d0,0.07339626430008642,0.05602371749573297,0.060470495875085406,0.05560835531803564,SEOUL_TOTAL
temp_min_d0,-0.24942814842829023,-0.249140905291875,-0.24511253635225058,-0.24307142460740994,SEOUL_TOTAL
is_holiday,-0.39523391928647117,-0.11527326158659909,0.2443885616995202,0.045433787762221005,SEOUL_TOTAL
std_month,0.004663152017168447,-0.004052246083496247,0.006684839784695596,0.011438028249565942,SEOUL_TOTAL
cold_prev_d1,0.4166670610133603,0.4849612377037896,0.5495481469889563,0.5484943122955148,SEOUL_TOTAL
cold_prev_d2,0.48459473109706713,0.5496506998610203,0.5485421625046757,0.4747679665614618,SEOUL_TOTAL
cold_prev_d3,0.5487460750323866,0.5488455508122049,0.47479612342969624,0.4180150997091123,SEOUL_TOTAL
pm25_avg_d0,0.11753840694430612,0.07085074269616469,0.10992507445467228,0.1343969032856799,DIST_11110
pm25_max_d0,0.11887290847795415,0.05239283325911464,0.1045103810469069,0.13008861584348996,DIST_11110
pm25_streak_d0,0.036479823464790465,0.018244090239404338,0.07814031530490433,0.07355572061337246,DIST_11110
pm25_ma_72h,0.11722220198285008,0.1250639878935652,0.14460385545387927,0.143485224875124,DIST_11110
pm10_avg_d0,0.12344475592712416,0.06991713484377986,0.10589181898622192,0.11819367662064335,DIST_11110
pm10_streak_d0,0.01420943529642005,0.014223528428577062,0.039438042554889974,0.04712821240288607,DIST_11110
pm10_ma_72h,0.12327799955488808,0.12256339335784469,0.13662230857022659,0.12820764045493258,DIST_11110
temp_avg_d0,-0.2712617055570635,-0.2734537271287108,-0.2682102687814929,-0.26699069902867895,DIST_11110
temp_diff_d0,0.05846370321549114,0.034548765657301424,0.038665100709634005,0.03553121050078258,DIST_11110
temp_min_d0,-0.2768068871942688,-0.2756479222385854,-0.2703336398140665,-0.2683939940351691,DIST_11110
is_holiday,-0.5067853341523435,-0.13493979034994313,0.3067004328500213,0.07360281902866955,DIST_11110
std_month,-0.008057505944298833,-0.018610427769511027,-0.004604403557746579,0.002175278737148725,DIST_11110
cold_prev_d1,0.261178876002098,0.300044155336871,0.3955121663492181,0.39141913109679355,DIST_11110
cold_prev_d2,0.29951482695565107,0.3955800277222577,0.3914294507133728,0.28652015144312526,DIST_11110
cold_prev_d3,0.3944010146540791,0.39171863551536346,0.2864803157007488,0.2620422142787812,DIST_11110
pm25_avg_d0,0.11094496293630852,0.06869748805931401,0.10988362744319355,0.1332974202730092,DIST_11140
pm25_max_d0,0.09604876521403831,0.040368130709641424,0.09590170489214296,0.1214833304910363,DIST_11140
pm25_streak_d0,0.03239896589679907,0.0010780584556320265,0.08753041691651893,0.06876932557376755,DIST_11140
pm25_ma_72h,0.11472995992469621,0.12451254183745558,0.14443599555343273,0.14260185550463622,DIST_11140
pm10_avg_d0,0.10223419009639481,0.04921642427566627,0.0915604152954873,0.10152922769026407,DIST_11140
pm10_streak_d0,0.007010729447606511,0.0017608256084875912,0.036463025554232815,0.034039868548433265,DIST_11140
pm10_ma_72h,0.09957751679811983,0.10048215061884701,0.11665106335800779,0.10798012364270256,DIST_11140
temp_avg_d0,-0.28800619015996337,-0.28997515805342067,-0.28309611690752573,-0.28149326036477135,DIST_11140
temp_diff_d0,-0.008655813777062434,-0.027429697866785736,-0.01953683952850791,-0.01914932577206293,DIST_11140
temp_min_d0,-0.2913894878945982,-0.2903435217170204,-0.28392188954479586,-0.2824504562780186,DIST_11140
is_holiday,-0.4982384151948613,-0.13466034508286598,0.30288426873042246,0.06637616077697586,DIST_11140
std_month,-0.008636413593340024,-0.018911657853054643,-0.005539694271360785,0.0010992029890662773,DIST_11140
cold_prev_d1,0.24270970453490467,0.30350573661672126,0.3974123192988772,0.395265983881538,DIST_11140
cold_prev_d2,0.3029945997928698,0.3974378181768596,0.39529401711161655,0.2881626905203998,DIST_11140
cold_prev_d3,0.39645204260721384,0.39550416859706194,0.2881619332185053,0.24801389438850868,DIST_11140
pm25_avg_d0,0.13449148432589095,0.09892229346554808,0.13580561695111013,0.16206534188352792,DIST_11170
pm25_max_d0,0.14571874659314119,0.08941835479398369,0.1451581152756567,0.17071942736490436,DIST_11170
pm25_streak_d0,0.060717171662768785,0.03177362738153912,0.09256009240102919,0.09844061669201494,DIST_11170
pm25_ma_72h,0.14418269161593414,0.155866722272391,0.17520544580759215,0.17432000990465404,DIST_11170
pm10_avg_d0,0.09496301749231373,0.04197436237611349,0.0797222697495545,0.09582940224310811,DIST_11170
pm10_streak_d0,0.009916953913303153,-0.005389348093349233,0.03452337124548437,0.03408777288511007,DIST_11170
pm10_ma_72h,0.08910408299004627,0.09063865442892491,0.10753445673841006,0.10014246307771374,DIST_11170
temp_avg_d0,-0.2723303560492072,-0.2749198570374071,-0.26933102723255503,-0.2675694899637363,DIST_11170
temp_diff_d0,-0.010903618460460823,-0.03291117749274236,-0.01809168903460924,-0.032164552562684884,DIST_11170
temp_min_d0,-0.2746593669537596,-0.2732448033948084,-0.2699106977117119,-0.26647855563802814,DIST_11170
is_holiday,-0.49318487486039647,-0.14300562300879205,0.30116869709161054,0.06820822061062372,DIST_11170
std_month,0.00355476897217089,-0.00718451376189951,0.00565542913419915,0.012110318359334973,DIST_11170
cold_prev_d1,0.2508145755769915,0.31295612101930353,0.40290159742444437,0.4024792018693439,DIST_11170
cold_prev_d2,0.31242545599048427,0.40294078271581546,0.4025246395807987,0.29770138162047904,DIST_11170
cold_prev_d3,0.4018443511699009,0.40279939158188843,0.297738944553083,0.25374028033121604,DIST_11170
pm25_avg_d0,0.15016261224701452,0.1088173952313063,0.138818442743282,0.16387401220535938,DIST_11200
pm25_max_d0,0.17135819804413815,0.1191535781036541,0.16479478078873205,0.18738685041187766,DIST_11200
pm25_streak_d0,0.0972717510721932,0.040850071941251447,0.08691637751769136,0.1309249695037715,DIST_11200
pm25_ma_72h,0.15390203084446374,0.16016605970568928,0.17743689676487245,0.17658671698771403,DIST_11200
pm10_avg_d0,0.17308315295714788,0.11931774994180104,0.1621389519590172,0.17359780333407493,DIST_11200
pm10_streak_d0,0.04204332054211561,0.05086188362295136,0.06094871760588941,0.11493228464118736,DIST_11200
pm10_ma_72h,0.18241440262050676,0.1837896489508456,0.199953700134554,0.19143801342713612,DIST_11200
temp_avg_d0,-0.2742753205212377,-0.27791246250147494,-0.27216844538782603,-0.27079598813396505,DIST_11200
temp_diff_d0,0.05715236779138648,0.039739406090752744,0.04527391887524118,0.03433582503896861,DIST_11200
temp_min_d0,-0.2815038226416296,-0.28250940222345033,-0.2772557260780111,-0.2745247044087956,DIST_11200
is_holiday,-0.4730851892594564,-0.13523262518984977,0.2908321454510569,0.04699304810870261,DIST_11200
std_month,0.01086337300163993,0.0003268931498959373,0.013117678325685351,0.018686458942128045,DIST_11200
cold_prev_d1,0.25898933227173637,0.3399991867461994,0.42647916988588025,0.42447354350115996,DIST_11200
cold_prev_d2,0.3396415981587539,0.42654414058008033,0.4245186733580867,0.3245867425551816,DIST_11200
cold_prev_d3,0.4254668015772992,0.42476667053631684,0.32461960331547146,0.26210711089389216,DIST_11200
pm25_avg_d0,0.13784555946591823,0.10506954113748344,0.14013589698181278,0.16024638389410015,DIST_11215
pm25_max_d0,0.13625736383382922,0.09100099393605898,0.14269905661763055,0.15818628183010053,DIST_11215
pm25_streak_d0,0.055779203598016955,0.030140224640659165,0.07967672331811218,0.07505010847487517,DIST_11215
pm25_ma_72h,0.15026530598063212,0.16013218497309697,0.1750724363406679,0.17375009409428943,DIST_11215
pm10_avg_d0,0.16118265609371257,0.10935429237982476,0.14585467410492345,0.1562842681485778,DIST_11215
pm10_streak_d0,0.048967718705726915,0.01661823384224105,0.050204038679132396,0.08509423371571079,DIST_11215
pm10_ma_72h,0.17099040734229132,0.1703327538017771,0.18335067605072494,0.17576664625958638,DIST_11215
temp_avg_d0,-0.2944517123745753,-0.2989841369647869,-0.2937912847448891,-0.291763994696768,DIST_11215
temp_diff_d0,0.012352660152699509,-0.013784058241820411,-0.0001414290491403863,-0.014235142549708273,DIST_11215
temp_min_d0,-0.30016685597931264,-0.3009589383078632,-0.29703582514596244,-0.2935019051832455,DIST_11215
is_holiday,-0.48178437202179664,-0.1343712574711454,0.2879459242509976,0.054852598534019165,DIST_11215
std_month,-0.006433657696447778,-0.01686670619541472,-0.0039401984380865954,0.0017043293626873824,DIST_11215
cold_prev_d1,0.23220168511195532,0.33331771350074973,0.40722748431026773,0.40612467401827845,DIST_11215
cold_prev_d2,0.3328802989595015,0.40725623603866096,0.40615646038104825,0.31882026505209954,DIST_11215
cold_prev_d3,0.4061478030426704,0.4064970496163407,0.31884870673749777,0.23672897468555906,DIST_11215
pm25_avg_d0,0.14451668686714755,0.10592775466893539,0.14385621811716323,0.1635240321523962,DIST_11230
pm25_max_d0,0.15573037090937472,0.10519250412965633,0.15422242194307573,0.16401000413705086,DIST_11230
pm25_streak_d0,0.06058884399980731,0.025359417050881152,0.08220850737821533,0.06544597989754476,DIST_11230
pm25_ma_72h,0.15431347427506817,0.1627036555567773,0.18041095351400757,0.17752983404519734,DIST_11230
pm10_avg_d0,0.1785597171460986,0.12451659149392019,0.16640544437531452,0.1782758818979997,DIST_11230
pm10_streak_d0,0.05115378516376988,0.019825738321033542,0.0639372183239178,0.09613989920065585,DIST_11230
pm10_ma_72h,0.19108688688040099,0.1923146803251986,0.2087665481575319,0.20001348959991574,DIST_11230
temp_avg_d0,-0.30928291692991955,-0.3135518756538805,-0.3078490884953588,-0.30672189681632955,DIST_11230
temp_diff_d0,0.026848554975069966,-0.0012301571224960718,0.0030790312537862796,-0.012449541826538749,DIST_11230
temp_min_d0,-0.3133369560401147,-0.3142429273139037,-0.3093389111076585,-0.30553612681234,DIST_11230
is_holiday,-0.4751829724427658,-0.13512606969943441,0.2906690938231666,0.0673120990305567,DIST_11230
std_month,-0.013044260663470931,-0.023439904352104315,-0.010467841918963163,-0.004411065702928305,DIST_11230
cold_prev_d1,0.27504207464805436,0.3444822655382562,0.42373174400240593,0.4224240873452773,DIST_11230
cold_prev_d2,0.34381821482934594,0.42380729334841893,0.4224730316362886,0.3297892182863198,DIST_11230
cold_prev_d3,0.4225123441647548,0.4228234799483716,0.3298172566771521,0.2767406864198186,DIST_11230
pm25_avg_d0,0.14310701247498425,0.10300598835737032,0.139899117331647,0.1610631355931335,DIST_11260
pm25_max_d0,0.15334477413722866,0.1032393743567376,0.1431980457407141,0.1666903027851253,DIST_11260
pm25_streak_d0,0.08590051797598333,0.05410363432150275,0.07948481151237131,0.10310265391107057,DIST_11260
pm25_ma_72h,0.15069166832492142,0.15921708316701585,0.176710915518861,0.17414498289372138,DIST_11260
pm10_avg_d0,0.15371922336145236,0.09911227390350266,0.138091322856703,0.1482650063988873,DIST_11260
pm10_streak_d0,0.050611597773769536,0.03670388914186405,0.056794695450655845,0.08832470994315625,DIST_11260
pm10_ma_72h,0.15933589847021223,0.15831519613545722,0.17377100324872333,0.16528629500774816,DIST_11260
temp_avg_d0,-0.31375063445279056,-0.3176076884225523,-0.31166055495990647,-0.3090075223664275,DIST_11260
temp_diff_d0,0.03576239239666734,0.011595152572224132,0.014564043340325792,0.007293972023744851,DIST_11260
temp_min_d0,-0.3191483779864422,-0.31986190467932096,-0.3143302384858601,-0.31008105584033324,DIST_11260
is_holiday,-0.4731367072797188,-0.13548694046779117,0.29148438298622087,0.054163618866868816,DIST_11260
std_month,-0.007408065910331937,-0.01788307821491303,-0.004458489368908475,0.001717472923144161,DIST_11260
cold_prev_d1,0.269986469193988,0.34517778207507555,0.4297238933263798,0.42715558715228263,DIST_11260
cold_prev_d2,0.3447184925768033,0.42974895558101106,0.4271877925497718,0.332469728136892,DIST_11260
cold_prev_d3,0.4286040504940103,0.42746341076722083,0.332485923634411,0.2704277141043756,DIST_11260
pm25_avg_d0,0.14334529588823902,0.10564122727545078,0.1393128388076238,0.16659416708384725,DIST_11290
pm25_max_d0,0.1429631654006366,0.08574313417412267,0.14679054638805167,0.1616240222156958,DIST_11290
pm25_streak_d0,0.06976384858442027,0.0097673992249151,0.07262641415923655,0.08750875888131317,DIST_11290
pm25_ma_72h,0.15349571469324758,0.16383278244537255,0.18428485624923752,0.1830659742875671,DIST_11290
pm10_avg_d0,0.16375464982247648,0.10012109856368205,0.14049613374369146,0.15539150814973832,DIST_11290
pm10_streak_d0,0.03814503304037157,0.015976822117093746,0.049614717538319995,0.10089692878897161,DIST_11290
pm10_ma_72h,0.16601310358049104,0.1634404240285836,0.18058281603298723,0.17296514797055254,DIST_11290
temp_avg_d0,-0.26745545457780906,-0.26987719148996403,-0.2648530181611708,-0.26296708776298333,DIST_11290
temp_diff_d0,0.06405909305179307,0.035796420572794106,0.03646301891594993,0.03204161131884347,DIST_11290
temp_min_d0,-0.2721901365091808,-0.2702961257195675,-0.2654725694390212,-0.2623470670705531,DIST_11290
is_holiday,-0.4941316491488077,-0.15032689862405088,0.3027320539543257,0.06009546141234558,DIST_11290
std_month,0.006125876678831383,-0.004513623272123465,0.008163832644815103,0.014048153317018907,DIST_11290
cold_prev_d1,0.22209702129980158,0.29333235344417474,0.39229219387652214,0.3899315762544147,DIST_11290
cold_prev_d2,0.29287069119060877,0.3923471347800313,0.3899664276406289,0.27886451106310617,DIST_11290
cold_prev_d3,0.391225174089845,0.39026819889002723,0.27888265725708505,0.22320520831000323,DIST_11290
pm25_avg_d0,0.10546419061804232,0.0748571261294464,0.10726191625537852,0.13328446871234614,DIST_11305
pm25_max_d0,0.11472977956362454,0.07100675056544399,0.11698254260931505,0.13401459313968594,DIST_11305
pm25_streak_d0,0.045902282100360445,0.0020798810711446587,0.06396728868277751,0.06860110223191523,DIST_11305
pm25_ma_72h,0.11328589107641165,0.12510645482429514,0.14082893725174778,0.14183086868214337,DIST_11305
pm10_avg_d0,0.10962169704945851,0.06374092869541527,0.097207758839997,0.11053567671478086,DIST_11305
pm10_streak_d0,0.019703565602958627,0.0013324086167696531,0.03995658076693909,0.05932517677154497,DIST_11305
pm10_ma_72h,0.11145939243414384,0.113112399633768,0.12613879617515145,0.12030430427330568,DIST_11305
temp_avg_d0,-0.3070131618308694,-0.3101560543500042,-0.304654077835747,-0.30333618744225055,DIST_11305
temp_diff_d0,0.02025962724012865,-0.013074380805022788,-0.012113845674568227,-0.01553595973093605,DIST_11305
temp_min_d0,-0.3109598255877596,-0.3107109464234288,-0.3049940619342484,-0.3022983261527838,DIST_11305
is_holiday,-0.4857404767758476,-0.12635457716990484,0.29733823355499156,0.06832127811627554,DIST_11305
std_month,-0.011681413410112747,-0.02209217026578731,-0.008493317879791856,-0.002278707220387155,DIST_11305
cold_prev_d1,0.274794056152888,0.3396642002998141,0.42248711140280687,0.42209511206243805,DIST_11305
cold_prev_d2,0.33912698151597737,0.4224742906483472,0.422105819979881,0.3264761245515679,DIST_11305
cold_prev_d3,0.42132804963177933,0.42238017137297307,0.32643634861809223,0.27686313619094216,DIST_11305
pm25_avg_d0,0.15468171572965098,0.11956691768110675,0.15018855895826672,0.17160007938105776,DIST_11320
pm25_max_d0,0.1572829753052731,0.11829069298852062,0.16114812797178607,0.17348613810475902,DIST_11320
pm25_streak_d0,0.07981816032771206,0.020862706194656043,0.07288878640541539,0.07365257768750982,DIST_11320
pm25_ma_72h,0.16761233561465855,0.17559554587604154,0.1928241000088252,0.19041914009030578,DIST_11320
pm10_avg_d0,0.1715761405284428,0.13006848446048708,0.16457111337245744,0.1734557613686566,DIST_11320
pm10_streak_d0,0.04584648553996759,0.04061529144106392,0.06392974826923101,0.11609797521137653,DIST_11320
pm10_ma_72h,0.19178407587180468,0.19377936760158937,0.2063381330253727,0.19678974678907865,DIST_11320
temp_avg_d0,-0.3104644824858034,-0.3136556101681605,-0.3083670008636158,-0.30732489860650863,DIST_11320
temp_diff_d0,0.056827722955734024,0.034514640124193294,0.04408306427397219,0.027822773428403648,DIST_11320
temp_min_d0,-0.3174946406497435,-0.3161955123959259,-0.31294552450961544,-0.30860594898543586,DIST_11320
is_holiday,-0.462158363432981,-0.13067680700011633,0.29378070601130735,0.056749947319031546,DIST_11320
std_month,-0.0067326186648156055,-0.016908739071208694,-0.0029993413984870563,0.0033718527043077088,DIST_11320
cold_prev_d1,0.2931924756113066,0.3624360726403883,0.4454322464656671,0.44385966798030785,DIST_11320
cold_prev_d2,0.36186901173668345,0.44543434523453984,0.4439004068267247,0.3538297084829754,DIST_11320
cold_prev_d3,0.4441970223675372,0.44418981461218005,0.3538655008639308,0.2944501972631072,DIST_11320
pm25_avg_d0,0.14393335285287706,0.11622941239387355,0.1487074335029246,0.1697704121053734,DIST_11350
pm25_max_d0,0.13732808965193158,0.09664873832503779,0.13878988179183951,0.1567987187160337,DIST_11350
pm25_streak_d0,0.0390477065445889,-0.0014297498293893158,0.05643919804608266,0.059758432055220405,DIST_11350
pm25_ma_72h,0.15987491492587655,0.1709072974577541,0.1837481140736526,0.18238898298304942,DIST_11350
pm10_avg_d0,0.1446908790450609,0.10504533506600532,0.13921891684517027,0.149335257325311,DIST_11350
pm10_streak_d0,0.0281331820813376,-0.0028111933818525847,0.04434384977444295,0.0733531059966561,DIST_11350
pm10_ma_72h,0.16068992565122206,0.16403032554654176,0.17491163527263548,0.1666448807097889,DIST_11350
temp_avg_d0,-0.2985001449324301,-0.3013796045731909,-0.2970367770795153,-0.295925945100169,DIST_11350
temp_diff_d0,0.12093566068890022,0.10188219852940095,0.10303131653599078,0.10186864125018026,DIST_11350
temp_min_d0,-0.31198220182161884,-0.3098840205087263,-0.3050614176708503,-0.30425589703467704,DIST_11350
is_holiday,-0.45266984170134017,-0.12515548331618928,0.2872895592860381,0.050186086772100444,DIST_11350
std_month,-0.005969534079007346,-0.01585108517783646,-0.002440031712247285,0.003465957236326218,DIST_11350
cold_prev_d1,0.2919468976405605,0.3778138251021211,0.46061383652217797,0.45930405168426186,DIST_11350
cold_prev_d2,0.3772064059018679,0.460617028172062,0.4593391801831046,0.36732079481252705,DIST_11350
cold_prev_d3,0.459387451701288,0.4596196698500834,0.36733108449810453,0.2916499785449072,DIST_11350
pm25_avg_d0,0.14581230499744488,0.09791150266897665,0.12867179214858204,0.15583238216755202,DIST_11380
pm25_max_d0,0.1431724169443512,0.08531470065127299,0.12902363355927346,0.15830903294617488,DIST_11380
pm25_streak_d0,0.05210423521752589,0.02902711909561413,0.0658063788618952,0.07693311100706457,DIST_11380
pm25_ma_72h,0.14806311444599027,0.15298686997591032,0.17228123224693417,0.1703220889186081,DIST_11380
pm10_avg_d0,0.17066727401986187,0.10855970489521444,0.14166981057767106,0.15494477408524227,DIST_11380
pm10_streak_d0,0.04949410471545753,0.03303119511094961,0.05483440856696024,0.09225430857107249,DIST_11380
pm10_ma_72h,0.17210022639547876,0.16670976699025683,0.181297296408968,0.1726944555107762,DIST_11380
temp_avg_d0,-0.28689673609415856,-0.2878056746427569,-0.28370629032916156,-0.28370390455585753,DIST_11380
temp_diff_d0,0.11169408787582663,0.08915564336202941,0.09991945013613993,0.0924077605781106,DIST_11380
temp_min_d0,-0.2932506443969719,-0.2905471544610876,-0.28742233170327275,-0.28512108215273235,DIST_11380
is_holiday,-0.48244632081574385,-0.13961381622241098,0.2999080583071216,0.055781360451050206,DIST_11380
std_month,0.006316253462909119,-0.004215421309908717,0.009049073732265883,0.014599239611755084,DIST_11380
cold_prev_d1,0.23551554390160415,0.3093060262034537,0.4091026636334684,0.4081189885727889,DIST_11380
cold_prev_d2,0.3087401218930119,0.40917970717754976,0.40815652013504133,0.29619488487197454,DIST_11380
cold_prev_d3,0.4079717071700594,0.4084630725111487,0.29622649730497036,0.23808863467434818,DIST_11380
pm25_avg_d0,0.1457049332896994,0.10066997899731452,0.13429821941838535,0.16088276725912315,DIST_11410
pm25_max_d0,0.14659854565484476,0.09105718419828364,0.14130249210566218,0.16599564143993606,DIST_11410
pm25_streak_d0,0.08180507319047729,0.023080180406279103,0.07924218312864338,0.10204949962287922,DIST_11410
pm25_ma_72h,0.14902134548596976,0.1558838840096561,0.1746758981044051,0.17316770798151093,DIST_11410
pm10_avg_d0,0.18973800115772252,0.1306393311924969,0.17030061799028265,0.18388441660959767,DIST_11410
pm10_streak_d0,0.05297225703315518,0.04056189358363789,0.05731055886531667,0.09853389385332903,DIST_11410
pm10_ma_72h,0.19915774636201003,0.19786441683947315,0.21505413539657378,0.20600427969333704,DIST_11410
temp_avg_d0,-0.28185352053251267,-0.2843177412503227,-0.2782701079844912,-0.27718569625805645,DIST_11410
temp_diff_d0,0.0550123550766155,0.03157031483214793,0.03576678817739826,0.031599484920102845,DIST_11410
temp_min_d0,-0.2887060802219594,-0.28868880854944085,-0.28184343332417133,-0.2802423842831547,DIST_11410
is_holiday,-0.47987042714909933,-0.14630841385743362,0.29948547528727054,0.05638608902790127,DIST_11410
std_month,0.005458296021677029,-0.0047143737588021695,0.008623871290858093,0.014675854193445031,DIST_11410
cold_prev_d1,0.23522402862032307,0.3088926677987678,0.41844480484842395,0.41661241089147844,DIST_11410
cold_prev_d2,0.3084288444524901,0.4184261700628851,0.41665559200313124,0.2966911690359665,DIST_11410
cold_prev_d3,0.4173085062488105,0.4169446462264973,0.29669565479274546,0.23807023124775734,DIST_11410
pm25_avg_d0,0.1662328160075529,0.12535968608322426,0.16271899235915396,0.1873094789926992,DIST_11440
pm25_max_d0,0.16049390037252398,0.09973502472460104,0.15558560566457097,0.18500802828991716,DIST_11440
pm25_streak_d0,0.07153678823444054,0.026041782928565994,0.08938418712326984,0.08859809067222764,DIST_11440
pm25_ma_72h,0.17716666618640206,0.18637540486123325,0.20610837417758943,0.20448883267771026,DIST_11440
pm10_avg_d0,0.18421320714774533,0.1276584457587637,0.16410359499977858,0.18085627380446986,DIST_11440
pm10_streak_d0,0.048798233516090514,0.01815018038842971,0.06419593651550905,0.09552097789292,DIST_11440
pm10_ma_72h,0.19220802282711125,0.19227260625603246,0.2080661147536926,0.20113464985440122,DIST_11440
temp_avg_d0,-0.278776961377765,-0.28139719030540306,-0.2748212505248936,-0.27359722120806534,DIST_11440
temp_diff_d0,0.02940517260829443,-0.0015018675042083414,0.002951284978171025,0.005595071329925809,DIST_11440
temp_min_d0,-0.2832339353358003,-0.28231215341016347,-0.27509656025614954,-0.2745273452909518,DIST_11440
is_holiday,-0.466626305225222,-0.13912845748658706,0.2895468746673822,0.05483721269776922,DIST_11440
std_month,0.004115920549694708,-0.0058998536861201946,0.00695967530856695,0.012514462321528518,DIST_11440
cold_prev_d1,0.2679207194306776,0.3524556840773455,0.43047567815989485,0.4286948513340252,DIST_11440
cold_prev_d2,0.35195065300554645,0.43050921990102237,0.42872472152069535,0.3380698099877666,DIST_11440
cold_prev_d3,0.4293210349088123,0.4290336828349447,0.33810689441296227,0.2696524762843184,DIST_11440
pm25_avg_d0,0.14769995888339083,0.10385071433835834,0.13784730972067885,0.16856621121057158,DIST_11470
pm25_max_d0,0.14527343188473107,0.0803449660583687,0.14554210588617822,0.16766363228911763,DIST_11470
pm25_streak_d0,0.08215290282648881,-0.0035764851054163093,0.09077279233132406,0.09319459766484074,DIST_11470
pm25_ma_72h,0.15202513583288055,0.1611454851952772,0.18015315964415463,0.17999412249733043,DIST_11470
pm10_avg_d0,0.1466339931811387,0.09031236426910287,0.12606063750444155,0.14710371507701278,DIST_11470
pm10_streak_d0,0.016208260759183562,-0.007569260326394036,0.0445258652120317,0.05886185489460397,DIST_11470
pm10_ma_72h,0.14724166705041655,0.14865950698506164,0.1632526963322037,0.1580272658418541,DIST_11470
temp_avg_d0,-0.2837640991545353,-0.2877722112396618,-0.2815949423304747,-0.2797043176257711,DIST_11470
temp_diff_d0,0.02722509481925883,0.013652567469000986,0.013661047705207473,0.010640468693542742,DIST_11470
temp_min_d0,-0.28769408690062703,-0.2905586757723971,-0.28427426971416475,-0.281499070712955,DIST_11470
is_holiday,-0.44938605559906347,-0.13997255691931842,0.27589504316943614,0.05039042991747215,DIST_11470
std_month,0.020580634220425213,0.010416679256233298,0.02324617099674399,0.028646982311962547,DIST_11470
cold_prev_d1,0.28160104546237946,0.38003674487635203,0.4441936156117767,0.44371908524165377,DIST_11470
cold_prev_d2,0.37948407485006325,0.44415681806497964,0.4437340525713234,0.36656532308301387,DIST_11470
cold_prev_d3,0.4428708845583744,0.4440075333300448,0.36654311096903297,0.2825730262891757,DIST_11470
pm25_avg_d0,0.11720995985877054,0.07425277039879785,0.10772466589562975,0.13732523716318404,DIST_11500
pm25_max_d0,0.10441828281072067,0.050648051738081006,0.110908535886107,0.13565091147604297,DIST_11500
pm25_streak_d0,0.04113755284896014,-0.015349645277079972,0.06624207738660914,0.06611730921397943,DIST_11500
pm25_ma_72h,0.11809191578740914,0.12692880813930751,0.1461471904883872,0.14581889791993333,DIST_11500
pm10_avg_d0,0.16621096564975812,0.10595340188606919,0.1442441080750478,0.1627012951481272,DIST_11500
pm10_streak_d0,0.02465585545873845,0.006555112295253322,0.053835230088925025,0.07568904082144033,DIST_11500
pm10_ma_72h,0.1680094695272736,0.16765752606348905,0.18487524698299918,0.1782178561223272,DIST_11500
temp_avg_d0,-0.2860882721900895,-0.2897110020368483,-0.2827276698551747,-0.282486816300268,DIST_11500
temp_diff_d0,-0.00413836710743301,-0.013276875618180832,-0.00983758162172088,-0.017785464190692813,DIST_11500
temp_min_d0,-0.28419931641384844,-0.28608527561614117,-0.2801020878703261,-0.2773013119107368,DIST_11500
is_holiday,-0.44835032725888324,-0.12854532145867892,0.2790845601242407,0.046481089665940695,DIST_11500
std_month,0.017784735366556136,0.0074245271584965035,0.01999275831163141,0.025185077178321708,DIST_11500
cold_prev_d1,0.28218891077033864,0.39072213949108225,0.451558772448328,0.4513263417150098,DIST_11500
cold_prev_d2,0.390258861180724,0.4515269991385663,0.45134072431444117,0.37962426787057796,DIST_11500
cold_prev_d3,0.4504417144312875,0.45156491424140094,0.37959621536626353,0.2810886850712174,DIST_11500
pm25_avg_d0,0.1349023132502079,0.09432762298358031,0.12957007302419787,0.15829673521638593,DIST_11530
pm25_max_d0,0.1305890107637682,0.07911789840993831,0.1318148594673305,0.16486379193222292,DIST_11530
pm25_streak_d0,0.04963648371970199,0.01859950438605302,0.06587554323554923,0.08529155657287345,DIST_11530
pm25_ma_72h,0.14086394342047046,0.1510427910718602,0.17221645116589757,0.1716828141347727,DIST_11530
pm10_avg_d0,0.16200739516545148,0.10525747307980017,0.13956291801944354,0.16020005046548727,DIST_11530
pm10_streak_d0,0.05453799820086435,0.022104586406907368,0.061626355350681665,0.08574875610179293,DIST_11530
pm10_ma_72h,0.16362900662381602,0.16401694758825522,0.17951942227031134,0.17269396936543333,DIST_11530
temp_avg_d0,-0.29216466082734655,-0.29433784018251535,-0.28892674395925816,-0.28735106906892766,DIST_11530
temp_diff_d0,0.05653786693492952,0.034313533811393404,0.03707066529642299,0.032787136216544416,DIST_11530
temp_min_d0,-0.297757002087235,-0.29636507782825905,-0.29159886849996114,-0.28873566071598944,DIST_11530
is_holiday,-0.4729966379008554,-0.13717147117665013,0.2961066664055748,0.04295310064327101,DIST_11530
std_month,0.01015946914050387,-7.350387673592903e-05,0.012077855271582344,0.017267816135986117,DIST_11530
cold_prev_d1,0.2273447575532112,0.3270122704758525,0.40768523088094843,0.4066321329443334,DIST_11530
cold_prev_d2,0.32653169303127466,0.4077121483803435,0.406671414225234,0.314411533780861,DIST_11530
cold_prev_d3,0.4064901789413802,0.40696904120418625,0.3144468096108124,0.23075604230670138,DIST_11530
pm25_avg_d0,0.12058572029787558,0.07815185907070907,0.11421244312292346,0.14341911551628236,DIST_11545
pm25_max_d0,0.08961131088805462,0.032755721128881296,0.09208294590940964,0.11346495356818401,DIST_11545
pm25_streak_d0,0.0394623312032071,0.0003494168660471472,0.06759850670977814,0.054971295846127394,DIST_11545
pm25_ma_72h,0.12234422774808018,0.13250977730608987,0.15264471859320247,0.15272962906626694,DIST_11545
pm10_avg_d0,0.12667005685620153,0.06879155271945349,0.1053424923478101,0.12647955776262154,DIST_11545
pm10_streak_d0,0.011256138485532976,-0.011333471115083437,0.03661264109309658,0.04079000894787747,DIST_11545
pm10_ma_72h,0.12269806098492433,0.12393369208766924,0.1407792899665675,0.13545713602381476,DIST_11545
temp_avg_d0,-0.308630103605945,-0.31065492730718486,-0.3036225849689709,-0.3026159666989895,DIST_11545
temp_diff_d0,0.03027000810207716,0.012212029589724055,0.017637100753349153,0.014746174573554566,DIST_11545
temp_min_d0,-0.3134646610074403,-0.3120516133608332,-0.306465024207993,-0.3048315463511729,DIST_11545
is_holiday,-0.4833986279880058,-0.14409838103686765,0.29581279158645696,0.05982605519426629,DIST_11545
std_month,-0.004698967954998133,-0.01519030135891684,-0.0016748716217847228,0.0044443021025664135,DIST_11545
cold_prev_d1,0.233333925274737,0.3206141369848863,0.3944606490376322,0.39273314616383653,DIST_11545
cold_prev_d2,0.32022427608561344,0.39451972322095,0.3927576599681396,0.3078238864382238,DIST_11545
cold_prev_d3,0.3934595237777184,0.3929853001158093,0.3078299795062681,0.23510207307767292,DIST_11545
pm25_avg_d0,0.1556422385747254,0.1004406685157046,0.13313832351304677,0.16563190613926704,DIST_11560
pm25_max_d0,0.15656174214170931,0.08924967537797987,0.1386991187478588,0.1713100328780515,DIST_11560
pm25_streak_d0,0.0751770169197837,0.026404824026669972,0.07554215706034736,0.08666542872829493,DIST_11560
pm25_ma_72h,0.15191236271498798,0.15677508584823807,0.17729221752883303,0.17766742946706326,DIST_11560
pm10_avg_d0,0.19912866367232426,0.13033791590657973,0.17267612814851002,0.1899336072515531,DIST_11560
pm10_streak_d0,0.051459046863465994,0.027591020488740594,0.0857157749818673,0.09849298992992901,DIST_11560
pm10_ma_72h,0.20301575327053145,0.20032697611128084,0.21882596708991636,0.21077080501190718,DIST_11560
temp_avg_d0,-0.2832025394219708,-0.28599023498052106,-0.2791331793901989,-0.27767760318423323,DIST_11560
temp_diff_d0,0.030066678398802615,0.007543330582852323,0.009551932032931192,0.011571759991043007,DIST_11560
temp_min_d0,-0.28804984769627295,-0.28744754059608735,-0.28075840574099303,-0.2792522137202718,DIST_11560
is_holiday,-0.4796458720225776,-0.13770696722650394,0.2936067783648333,0.04745869774252853,DIST_11560
std_month,0.0070132068037007415,-0.003660862369168103,0.008738316343311386,0.014569957442893041,DIST_11560
cold_prev_d1,0.23421933104210926,0.32128675708993765,0.40785977815929597,0.4062018344791467,DIST_11560
cold_prev_d2,0.32084486937887974,0.40787000746643737,0.4062314456694599,0.3063661861675164,DIST_11560
cold_prev_d3,0.40668845019172345,0.4065255643022979,0.30635882590757796,0.23831589832119882,DIST_11560
pm25_avg_d0,0.125720222492285,0.08500793184292452,0.11926033199240814,0.14781881853125414,DIST_11590
pm25_max_d0,0.11591725486939222,0.05551361239089587,0.1140978282635421,0.1372955036429567,DIST_11590
pm25_streak_d0,0.034536095769784274,-0.0003275403968155069,0.06488767208750022,0.07129654387382053,DIST_11590
pm25_ma_72h,0.12930420541350346,0.13878078745243988,0.15638218644299687,0.1579124028529055,DIST_11590
pm10_avg_d0,0.12648268714357971,0.07361269985770857,0.1091858259515467,0.12555304375737042,DIST_11590
pm10_streak_d0,0.03368010629246816,0.02061870471629401,0.04291009639120411,0.05830577927242228,DIST_11590
pm10_ma_72h,0.1276858280530683,0.12857938903364594,0.1430970731899099,0.13788956489655696,DIST_11590
temp_avg_d0,-0.28221553391966137,-0.28448109889236073,-0.27934891660575917,-0.2786346333019116,DIST_11590
temp_diff_d0,0.0462690621317874,0.01592360868769402,0.03524459630162878,0.030622464609684482,DIST_11590
temp_min_d0,-0.2883351544147155,-0.28508934101006844,-0.2825696320098382,-0.28086046986588464,DIST_11590
is_holiday,-0.4678586846973834,-0.13993509322567643,0.2898174310004681,0.05358462845238753,DIST_11590
std_month,0.0076449757341427805,-0.002824449081472017,0.009701550507664199,0.015120326268334436,DIST_11590
cold_prev_d1,0.2445342369430634,0.34122431177187085,0.41752215070764515,0.41638070912449954,DIST_11590
cold_prev_d2,0.34072606935079824,0.41750316579718616,0.4164128048336016,0.328156277423773,DIST_11590
cold_prev_d3,0.41619348703188747,0.41668416839557965,0.32816523272562326,0.24835198380018106,DIST_11590
pm25_avg_d0,0.18310538552909633,0.1377314756937247,0.17594694136713213,0.20736281398665904,DIST_11620
pm25_max_d0,0.19256592458598945,0.1272580605150161,0.1870840140599474,0.22035807183696351,DIST_11620
pm25_streak_d0,0.08365746104406047,0.04947571717794674,0.07657837127877609,0.129114817067818,DIST_11620
pm25_ma_72h,0.19333845407870792,0.20320445717078783,0.22439893917928644,0.22496170820433523,DIST_11620
pm10_avg_d0,0.17661334155339053,0.11861323534660441,0.1533649439118954,0.1769001443949614,DIST_11620
pm10_streak_d0,0.05117937761538356,0.02496169859114508,0.04533961275338969,0.08048600979506124,DIST_11620
pm10_ma_72h,0.18153947258389894,0.1830380988216852,0.19849978329203805,0.1926007300468268,DIST_11620
temp_avg_d0,-0.29238590797094854,-0.2944013890331339,-0.28894880796059064,-0.2888120878231767,DIST_11620
temp_diff_d0,0.07311488351202056,0.04626825331576868,0.05805742607269567,0.05292591901219783,DIST_11620
temp_min_d0,-0.2998703554729744,-0.2973430319067454,-0.2923747035358705,-0.29223996109319234,DIST_11620
is_holiday,-0.4892267062572229,-0.13714899285750137,0.30015123219489925,0.05827605449682437,DIST_11620
std_month,-0.015444602726702903,-0.02588465885738437,-0.012309536293462271,-0.006273134467687547,DIST_11620
cold_prev_d1,0.23621855409284273,0.3124105382475688,0.39904414695492446,0.3970825010280484,DIST_11620
cold_prev_d2,0.3118890272466555,0.3990763947117837,0.39710580613196345,0.30001932585447627,DIST_11620
cold_prev_d3,0.397917225098291,0.3974107931559639,0.3000310842227905,0.2415480540627769,DIST_11620
pm25_avg_d0,0.14229912503918243,0.1019319116840154,0.1335928433610491,0.15924762161347014,DIST_11650
pm25_max_d0,0.13658335223231002,0.08273838778718431,0.1339551231690561,0.16316176289956685,DIST_11650
pm25_streak_d0,0.04987101608685238,0.017327549447688922,0.04779896505870615,0.08406661540507646,DIST_11650
pm25_ma_72h,0.14799037411436064,0.15614591552342263,0.17461400006160005,0.17403363807022657,DIST_11650
pm10_avg_d0,0.1801656624421566,0.12141056282519701,0.1603018842133495,0.17177357249212316,DIST_11650
pm10_streak_d0,0.06570597584440839,0.02564521168877972,0.07551890691732918,0.10262857417890335,DIST_11650
pm10_ma_72h,0.1873134423284405,0.18513585043608657,0.20089939069585136,0.19287297230391587,DIST_11650
temp_avg_d0,-0.2554198205819662,-0.26042647296975163,-0.25641602429534854,-0.25548002512678136,DIST_11650
temp_diff_d0,0.02163087758434836,0.013885558316065687,0.018598020081765136,0.016984353821853936,DIST_11650
temp_min_d0,-0.2615901249927466,-0.2650348664270859,-0.2613997145848598,-0.25962760015425473,DIST_11650
is_holiday,-0.4562272987449764,-0.1331663295747259,0.2865631414192789,0.049045791820452926,DIST_11650
std_month,0.01979299988929278,0.0094640206603663,0.021205185052572458,0.026192031646997165,DIST_11650
cold_prev_d1,0.2828425732164285,0.3670110590540409,0.4542313849796673,0.4528557579323896,DIST_11650
cold_prev_d2,0.3664189718020125,0.4542106860131204,0.4528589740483611,0.35345749557396267,DIST_11650
cold_prev_d3,0.4530215737561789,0.4530626140843598,0.35342837066958527,0.28288281570333607,DIST_11650
pm25_avg_d0,0.12096247450144285,0.0798969950275739,0.11000048488059144,0.1328305017909279,DIST_11680
pm25_max_d0,0.12733868115766256,0.07385622335739926,0.11054244715813398,0.13126455880067447,DIST_11680
pm25_streak_d0,0.05027035563739708,0.020515795383364864,0.04672572518531811,0.07205662434907098,DIST_11680
pm25_ma_72h,0.12090645362054724,0.12681862004348193,0.14395863974712284,0.14504517025812844,DIST_11680
pm10_avg_d0,0.1537619031997403,0.0967096235743932,0.1334226387851218,0.14858655554022218,DIST_11680
pm10_streak_d0,0.04012588822509262,0.04236691835901734,0.05310630887763271,0.07150405636587895,DIST_11680
pm10_ma_72h,0.1562117588123801,0.15548750328972347,0.17192970148870795,0.16634856830557168,DIST_11680
temp_avg_d0,-0.2617745149529621,-0.26539720112803394,-0.26099026916184104,-0.25952440201441734,DIST_11680
temp_diff_d0,-0.05789010268155773,-0.07901974943768336,-0.07224798701812941,-0.07600047665094616,DIST_11680
temp_min_d0,-0.25575275755753485,-0.25554821737627026,-0.2521707131148501,-0.2501261689246886,DIST_11680
is_holiday,-0.4751407930910687,-0.15070851344783434,0.29259445998192235,0.0687404160477508,DIST_11680
std_month,0.016801246427438417,0.006042335504942151,0.01825196165871986,0.023613815410027283,DIST_11680
cold_prev_d1,0.2656164728884372,0.3354028033046526,0.4299017448946726,0.4275684581571093,DIST_11680
cold_prev_d2,0.334898733375105,0.42989203137437854,0.42757017123898416,0.32109857540502856,DIST_11680
cold_prev_d3,0.42866824438864537,0.42783000349282774,0.32104325333715816,0.26530884966948276,DIST_11680
pm25_avg_d0,0.14494281880777585,0.1040546269587362,0.13374743431798417,0.15405841036478393,DIST_11710
pm25_max_d0,0.16926035858159452,0.10935077191041319,0.15612334877152287,0.1780742028264515,DIST_11710
pm25_streak_d0,0.07438775993024294,0.03837131708697664,0.07684487177740382,0.08488121374352094,DIST_11710
pm25_ma_72h,0.1497667748562997,0.15428959350133423,0.17093328030179528,0.1697204786655449,DIST_11710
pm10_avg_d0,0.17323713855975825,0.11198898559688839,0.1523547710301284,0.15930604935666198,DIST_11710
pm10_streak_d0,0.04868848947213089,0.0311325573597005,0.048044187473237264,0.08157174654737119,DIST_11710
pm10_ma_72h,0.17756993695175569,0.17306974122911342,0.18867214245656758,0.17920312431351737,DIST_11710
temp_avg_d0,-0.2723869608765686,-0.2757525322627569,-0.2701884101360971,-0.2687131655285453,DIST_11710
temp_diff_d0,0.029098757899059677,0.008554798911077336,0.018824970511015702,0.0076320056578661685,DIST_11710
temp_min_d0,-0.2782914422897715,-0.27804113737033376,-0.2737379862750035,-0.27045995057472877,DIST_11710
is_holiday,-0.464345359811927,-0.13922757139585498,0.28643516300505995,0.04506608730965775,DIST_11710
std_month,0.02325736975315848,0.012606301016038607,0.024747376819425553,0.030049976059366348,DIST_11710
cold_prev_d1,0.23747217192629744,0.343542853676502,0.42178858088927895,0.42059092860991565,DIST_11710
cold_prev_d2,0.34312423426626165,0.4217850325017354,0.4206244575949809,0.330132773442718,DIST_11710
cold_prev_d3,0.42064501544754396,0.4208780833913728,0.3301325950277968,0.240714069043945,DIST_11710
pm25_avg_d0,0.14124565692517954,0.10601995996470748,0.1333736897546577,0.15696757687630206,DIST_11740
pm25_max_d0,0.15670302740796893,0.10995114929928046,0.14775199079809972,0.17403138895255565,DIST_11740
pm25_streak_d0,0.0674508104624133,0.050241928368882284,0.06021396138582888,0.09615553267596212,DIST_11740
pm25_ma_72h,0.1463217009427835,0.15413780250926992,0.16930194172840424,0.169343201681624,DIST_11740
pm10_avg_d0,0.19219542146906046,0.130161909024092,0.17059749411927153,0.18258430409888238,DIST_11740
pm10_streak_d0,0.05523979636215386,0.045708582468100466,0.06216624335226471,0.10485196998355452,DIST_11740
pm10_ma_72h,0.19983326387784736,0.19719776840960074,0.21326926499865814,0.20504631118415168,DIST_11740
temp_avg_d0,-0.29614088576569414,-0.30237889186288835,-0.2983731808567179,-0.29593893646491853,DIST_11740
temp_diff_d0,0.11075829478900502,0.08301321606460556,0.0768080472331007,0.06726624748973588,DIST_11740
temp_min_d0,-0.3087326300843059,-0.30954879920050454,-0.304415567325263,-0.30035944066570003,DIST_11740
is_holiday,-0.4837498649738718,-0.14874313879566556,0.3013323306678829,0.04685058199435852,DIST_11740
std_month,0.016360122643384125,0.005613178181012225,0.017825317303980966,0.023122904373767277,DIST_11740
cold_prev_d1,0.20899292474204856,0.30175417927705733,0.39704834725599625,0.3960949030607909,DIST_11740
cold_prev_d2,0.3014108213210859,0.397230145146295,0.39613416372354293,0.2896300474408895,DIST_11740
cold_prev_d3,0.39615757588251316,0.39652261576509,0.28968159089242607,0.21040790518276495,DIST_11740
