,asthma_cnt_d0,asthma_cnt_d_plus_1,asthma_cnt_d_plus_2,asthma_cnt_d_plus_3,dist_name
pm25_avg_d0,0.10941695910379161,0.07893916765874832,0.10735503891411884,0.12499180935900688,SEOUL_TOTAL
pm25_max_d0,0.12054481787906993,0.07915163118124295,0.11900999579404978,0.13618237071774997,SEOUL_TOTAL
pm25_streak_d0,0.03857758058985001,0.011268685416442922,0.05029209251308059,0.05737187583221548,SEOUL_TOTAL
pm25_ma_72h,0.11560321566933889,0.12264194874047561,0.1365951496058723,0.13475235846617728,SEOUL_TOTAL
pm10_avg_d0,0.15455366854595892,0.11014809617552329,0.14374495148605587,0.15049008919652493,SEOUL_TOTAL
pm10_streak_d0,0.03609580417215152,0.02918381943133496,0.05861652106300982,0.07578189919645924,SEOUL_TOTAL
pm10_ma_72h,0.16648462872635608,0.16598075354565334,0.1785448573118657,0.17085807779220413,SEOUL_TOTAL
temp_avg_d0,-0.20244649340061047,-0.20486969288549345,-0.19932171615676264,-0.19948399913453924,SEOUL_TOTAL
temp_diff_d0,0.09984654130004077,0.08212688121971354,0.08816471703109478,0.08490881607739627,SEOUL_TOTAL
temp_min_d0,-0.21738878610915247,-0.21667794288577255,-0.2119471649207728,-0.21132723844760704,SEOUL_TOTAL
is_holiday,-0.4442019292748667,-0.12969615158615602,0.25689785313731944,0.08025489547532397,SEOUL_TOTAL
std_month,-0.021562634509085136,-0.03032649864538818,-0.02297349741137816,-0.02056929777659279,SEOUL_TOTAL
asthma_prev_d1,0.38812399087968696,0.4383320163210923,0.4904768045101618,0.48979735010066644,SEOUL_TOTAL
asthma_prev_d2,0.43768426633067037,0.49083472413466334,0.4899447482524751,0.4267096692452858,SEOUL_TOTAL
asthma_prev_d3,0.48946450751605924,0.4907676409241685,0.4268624653282192,0.3910443586261874,SEOUL_TOTAL
pm25_avg_d0,0.11840685620947282,0.07475283363080937,0.11038264972613586,0.13541745851112888,DIST_11110
pm25_max_d0,0.133862783435586,0.06854616938362389,0.11528661581375542,0.14428921998409616,DIST_11110
pm25_streak_d0,0.0316396565930913,0.025770051829129066,0.0970603755479646,0.07673276683669594,DIST_11110
pm25_ma_72h,0.11931042161617189,0.12738227413782666,0.14599277778434702,0.14475959888073772,DIST_11110
pm10_avg_d0,0.1473809133176055,0.10338631054837343,0.14029147243197213,0.1524043908393268,DIST_11110
pm10_streak_d0,0.022989756255192152,0.04782305005848698,0.0812798715655668,0.06722173826863008,DIST_11110
pm10_ma_72h,0.161562212526139,0.1652780005375289,0.17828594079891896,0.16566978232396778,DIST_11110
temp_avg_d0,-0.19647307236646722,-0.1979911543239295,-0.19138786402753089,-0.1919992280884083,DIST_11110
temp_diff_d0,0.053024441325412536,0.028678579292183575,0.03235902672242078,0.030808041546336287,DIST_11110
temp_min_d0,-0.20262173734713873,-0.19969659965272224,-0.19346920108504603,-0.1934332134096013,DIST_11110
is_holiday,-0.5966773304671312,-0.15424482459999317,0.34615727588446676,0.13261844882648657,DIST_11110
std_month,-0.04500137838544367,-0.056133485687408294,-0.04828898394979162,-0.04440698633757267,DIST_11110
asthma_prev_d1,0.17022401551428132,0.14158775606621593,0.22726004460636512,0.2309186941350748,DIST_11110
asthma_prev_d2,0.14092008177807785,0.2277332757656853,0.23115504585392133,0.12024575993800524,DIST_11110
asthma_prev_d3,0.22639454858562125,0.23232947505216933,0.12071846564244819,0.1738603288070607,DIST_11110
pm25_avg_d0,0.11431708447904766,0.07780638629373735,0.11782310711258082,0.1376645826179344,DIST_11140
pm25_max_d0,0.11088146815949612,0.05943873815038519,0.10813995718980052,0.13626266325715616,DIST_11140
pm25_streak_d0,0.024889580611753614,0.006053083664332194,0.07865394422426576,0.06170356478989939,DIST_11140
pm25_ma_72h,0.12273205992480149,0.132996926915966,0.14981192194224038,0.1436132007549958,DIST_11140
pm10_avg_d0,0.13378763422773723,0.07987253136073781,0.12665968962594523,0.13487119638498063,DIST_11140
pm10_streak_d0,0.007716514522475822,0.009881892772469049,0.04703858053002283,0.040020592446664255,DIST_11140
pm10_ma_72h,0.13986621203175265,0.14177483503998545,0.15695916694844494,0.1450283441235533,DIST_11140
temp_avg_d0,-0.24677490863201976,-0.24681886148792784,-0.2373973893061906,-0.23762650715319933,DIST_11140
temp_diff_d0,0.0028770547071352726,-0.014570711197714506,-0.0017548274998136545,-0.0019353378854150922,DIST_11140
temp_min_d0,-0.2498195275560414,-0.24711001045956912,-0.23919147736586646,-0.23951201342377235,DIST_11140
is_holiday,-0.553204792779178,-0.13306787793907482,0.3396220708037295,0.095326314446867,DIST_11140
std_month,-0.04576113347032297,-0.055595170216665296,-0.04899620002517647,-0.046116474808315794,DIST_11140
asthma_prev_d1,0.1830118951089106,0.20662446216252844,0.3218036261010091,0.3228741127737341,DIST_11140
asthma_prev_d2,0.20546560231793484,0.32298832668692173,0.3232087891160025,0.19042785222733094,DIST_11140
asthma_prev_d3,0.32171240985896,0.3245771047432777,0.19089965702667416,0.1853239223877297,DIST_11140
pm25_avg_d0,0.1501267131572814,0.12085124881185881,0.15463955292693407,0.17455671894584585,DIST_11170
pm25_max_d0,0.1524753168977501,0.1031094131061127,0.151785497886563,0.17389973947040513,DIST_11170
pm25_streak_d0,0.04784273301925173,0.025192408585507305,0.07444802089700205,0.07911505680585385,DIST_11170
pm25_ma_72h,0.16625481461859654,0.1767471874729349,0.19281098971907604,0.18992029806683974,DIST_11170
pm10_avg_d0,0.11081441071875009,0.06788315269286317,0.10841745924415258,0.11591385290499373,DIST_11170
pm10_streak_d0,0.0034155476363423266,-0.007122602944407227,0.03987982807031379,0.023629536753587758,DIST_11170
pm10_ma_72h,0.11841438145934022,0.12186695155108623,0.13768676054829268,0.12868885117746834,DIST_11170
temp_avg_d0,-0.1888102886941941,-0.19087765290475978,-0.18472338754401724,-0.1837589634522797,DIST_11170
temp_diff_d0,-0.00908466501843313,-0.03156226857554889,-0.0181170064408567,-0.028453718997997125,DIST_11170
temp_min_d0,-0.1907753284367434,-0.18865504504439576,-0.18481056337880503,-0.18247163348495746,DIST_11170
is_holiday,-0.5520161050985859,-0.14349408693683266,0.32619164867645706,0.09772867414697081,DIST_11170
std_month,-0.02443161004242656,-0.03411695683553248,-0.0281099652771417,-0.02525459162756892,DIST_11170
asthma_prev_d1,0.22128593575380984,0.23766613043679058,0.3330457556099062,0.33714412906503516,DIST_11170
asthma_prev_d2,0.2369014741200631,0.3333307725421044,0.3372382038337565,0.22090498706158154,DIST_11170
asthma_prev_d3,0.3320257251178166,0.3378512971586945,0.22107660642581003,0.224845854748975,DIST_11170
pm25_avg_d0,0.1497919795324451,0.11455405507654261,0.14739045905034334,0.16866131083585606,DIST_11200
pm25_max_d0,0.17338975303042836,0.13117555043226128,0.17728801830940588,0.19473923255643913,DIST_11200
pm25_streak_d0,0.07744790330566749,0.03791922185342489,0.07866274112250239,0.11467285512072403,DIST_11200
pm25_ma_72h,0.15923139261512667,0.16757574344589515,0.18526503590045643,0.18361149541459434,DIST_11200
pm10_avg_d0,0.2026720493492682,0.1543793529406413,0.20185683334966448,0.2093766170242514,DIST_11200
pm10_streak_d0,0.04363977895729337,0.06582007747603816,0.08409185729430593,0.1189579843222109,DIST_11200
pm10_ma_72h,0.22445419788593376,0.22848549404559682,0.24619741846760645,0.23714352540227138,DIST_11200
temp_avg_d0,-0.23768276727759724,-0.24132178279512606,-0.23417717044620007,-0.2338125280152657,DIST_11200
temp_diff_d0,0.06525050150181766,0.04859532603540585,0.0580353361601781,0.0512116369702491,DIST_11200
temp_min_d0,-0.24497791925761492,-0.24600164404857847,-0.2399171834098228,-0.2384072715523345,DIST_11200
is_holiday,-0.493708545221017,-0.13140229690580985,0.30311628327679285,0.07416587167916532,DIST_11200
std_month,0.007511937703662379,-0.002674022987228356,0.005615026437355062,0.007255389953904015,DIST_11200
asthma_prev_d1,0.2636685051127133,0.3368478347935978,0.40835559684205947,0.41135936976446785,DIST_11200
asthma_prev_d2,0.336130032618986,0.40826405314318986,0.4113807280906885,0.3261038162299813,DIST_11200
asthma_prev_d3,0.40670193776329816,0.4118487714050544,0.3260432660901232,0.2719993956065826,DIST_11200
pm25_avg_d0,0.166397849435696,0.1328850516658304,0.1636824927861516,0.17934315998858505,DIST_11215
pm25_max_d0,0.16405563939943982,0.11983744389975703,0.1671061570650346,0.17844766307226748,DIST_11215
pm25_streak_d0,0.057761056915233616,0.03515469077502245,0.07681468795960944,0.0735013280256004,DIST_11215
pm25_ma_72h,0.181793524400719,0.18792982443345818,0.2008937233360306,0.19865891633618388,DIST_11215
pm10_avg_d0,0.19248522423611353,0.1410645124084054,0.17854689900989693,0.18332351987875903,DIST_11215
pm10_streak_d0,0.04207700756871199,0.020833776839803014,0.06225244547143892,0.08476441549338065,DIST_11215
pm10_ma_72h,0.21063427205859753,0.20829246418615913,0.22172715217622885,0.21340738866918685,DIST_11215
temp_avg_d0,-0.23498016413216125,-0.23979031476809412,-0.2346491330438449,-0.23385352756346559,DIST_11215
temp_diff_d0,-0.001989779881871225,-0.028289816246855948,-0.014508626368251638,-0.026197155309759967,DIST_11215
temp_min_d0,-0.23869646841607858,-0.23973859787828744,-0.236152513519934,-0.23399403354766019,DIST_11215
is_holiday,-0.4656300745491958,-0.13968511263989472,0.2673248580359845,0.05764909256973654,DIST_11215
std_month,-0.024254581823479376,-0.03391289201093208,-0.024709868312681064,-0.022978886849286707,DIST_11215
asthma_prev_d1,0.25087340850920004,0.35072187744471656,0.41807315258218986,0.41800288210349307,DIST_11215
asthma_prev_d2,0.3499571978245979,0.4182330566342989,0.41800892923877914,0.3383901704169033,DIST_11215
asthma_prev_d3,0.41666775011204377,0.41881289039853664,0.3383609676973074,0.26286591613169213,DIST_11215
pm25_avg_d0,0.1459538129685227,0.11465401058967548,0.1541992942485268,0.16486166885893777,DIST_11230
pm25_max_d0,0.15830566095046675,0.11714274501473858,0.16566871758810184,0.16999629788995377,DIST_11230
pm25_streak_d0,0.050379217107412444,0.02427751891198151,0.0837159428925518,0.0578661093222231,DIST_11230
pm25_ma_72h,0.1623667351874504,0.17074314566212156,0.18854384124415496,0.1853457174720658,DIST_11230
pm10_avg_d0,0.19639077429056578,0.1459166504141101,0.19134455895905028,0.19076507907976914,DIST_11230
pm10_streak_d0,0.057512266580048196,0.04061679870219732,0.07728833313098409,0.09509113898282234,DIST_11230
pm10_ma_72h,0.21733896617595896,0.21644255880909627,0.23304302951141798,0.22352266061897103,DIST_11230
temp_avg_d0,-0.28055511820132495,-0.28429078827751814,-0.27805832799318575,-0.2781890708654517,DIST_11230
temp_diff_d0,0.030669851031794385,0.00666001632993567,0.007967176900339473,-0.004572426039146449,DIST_11230
temp_min_d0,-0.2851601366885761,-0.2860945356751179,-0.2799574538450563,-0.27794063805501945,DIST_11230
is_holiday,-0.5054449094896181,-0.11233513166094036,0.31764550938498415,0.11434632215236583,DIST_11230
std_month,-0.02237270556082801,-0.03259139594274511,-0.024225470479573553,-0.01991845374994822,DIST_11230
asthma_prev_d1,0.2934869253811369,0.3412669941927911,0.39009878768725015,0.3894779046487673,DIST_11230
asthma_prev_d2,0.34057488511727424,0.3901602962055032,0.389468155768497,0.3232009126312468,DIST_11230
asthma_prev_d3,0.38847777118944615,0.3902302149093105,0.3231501234142411,0.2934781950531896,DIST_11230
pm25_avg_d0,0.15216873495345654,0.12085127156617115,0.16071559382176712,0.17959990446854968,DIST_11260
pm25_max_d0,0.17911263459301524,0.1366220889305585,0.17705613000819698,0.20052974200676424,DIST_11260
pm25_streak_d0,0.08138908223942795,0.061742514444783014,0.08404015133411455,0.11104414005313863,DIST_11260
pm25_ma_72h,0.16935219256147274,0.18193073635734658,0.19943088905885115,0.19581229586913657,DIST_11260
pm10_avg_d0,0.1764056336894148,0.12904631317062787,0.17413957327977905,0.17636802278009422,DIST_11260
pm10_streak_d0,0.05148701820819097,0.05148082792240742,0.07439175186521557,0.09758440458087457,DIST_11260
pm10_ma_72h,0.19561808676931763,0.19713311429073524,0.21208373490052493,0.19938618191997057,DIST_11260
temp_avg_d0,-0.24987942223135184,-0.25205665634525687,-0.2439275350216707,-0.24240748212488097,DIST_11260
temp_diff_d0,0.04407757650662838,0.02080462567644828,0.02526730180182143,0.025426751457203,DIST_11260
temp_min_d0,-0.25624852289548933,-0.25522043105818176,-0.2478009856328477,-0.24560546673410527,DIST_11260
is_holiday,-0.5453466095723716,-0.14796930079073808,0.3086174798822181,0.09605102154060519,DIST_11260
std_month,-0.02795822577723865,-0.039427231020177936,-0.02959031122949966,-0.02659263973702375,DIST_11260
asthma_prev_d1,0.24471856102709963,0.2753839266709667,0.34543781953696656,0.3446531046624205,DIST_11260
asthma_prev_d2,0.2745711924204848,0.34562059045637356,0.3447201943913033,0.25991820137961563,DIST_11260
asthma_prev_d3,0.34395155219668044,0.34561970011572346,0.25999565142064096,0.24953458398572279,DIST_11260
pm25_avg_d0,0.14501007736555566,0.11213645212107543,0.14489929463212448,0.17023175629159054,DIST_11290
pm25_max_d0,0.153780615792762,0.10634782629434181,0.16191630786995104,0.17278321460904628,DIST_11290
pm25_streak_d0,0.05951139009571765,0.008792350285391121,0.06647371113124995,0.07268071235652121,DIST_11290
pm25_ma_72h,0.15882761667510678,0.17016148303604064,0.18823023910689785,0.18511585581335474,DIST_11290
pm10_avg_d0,0.17099942938420346,0.11158314034688246,0.15307983813140028,0.16285983931667444,DIST_11290
pm10_streak_d0,0.030512902465709958,0.0231457151824078,0.0580180147636738,0.09773643689603173,DIST_11290
pm10_ma_72h,0.17880564554699388,0.17650869564738392,0.19274090025313542,0.1836570419674132,DIST_11290
temp_avg_d0,-0.2135896676742191,-0.21594477649374977,-0.20880015406389765,-0.209098934627916,DIST_11290
temp_diff_d0,0.040598883920777616,0.01757757720971964,0.02325346792828658,0.017674377982297363,DIST_11290
temp_min_d0,-0.2163845334986011,-0.21431602843801392,-0.208372014804616,-0.20741499893533297,DIST_11290
is_holiday,-0.5252038160378396,-0.14387767704085674,0.3098834261738166,0.09848344054852128,DIST_11290
std_month,-0.046930139789978474,-0.0568757866378115,-0.048255964174520216,-0.04497103625900553,DIST_11290
asthma_prev_d1,0.2515363236825421,0.2903708956331917,0.3780890045030892,0.378257165777955,DIST_11290
asthma_prev_d2,0.2893961741212422,0.3787155715250812,0.3785470617589108,0.27897292669065776,DIST_11290
asthma_prev_d3,0.376610791937336,0.3801375229912929,0.279492850249835,0.2611145109429411,DIST_11290
pm25_avg_d0,0.12766297271127708,0.10260018097092652,0.1340066254771931,0.15522921467181064,DIST_11305
pm25_max_d0,0.13588523645610387,0.10043103975071045,0.1399275947072241,0.15400756791734077,DIST_11305
pm25_streak_d0,0.04084375773789214,0.00880134052547873,0.06337739310162038,0.05907549126519517,DIST_11305
pm25_ma_72h,0.14365901164997658,0.1554485102832978,0.16869665576570986,0.1675016351775982,DIST_11305
pm10_avg_d0,0.1341654397583676,0.09785552403104887,0.133093310881084,0.1405900590012179,DIST_11305
pm10_streak_d0,0.019677746086210365,0.012674071148128177,0.04915714145178967,0.05896739641979076,DIST_11305
pm10_ma_72h,0.15081144514046002,0.15499550405626894,0.16607194165572162,0.15532471036914763,DIST_11305
temp_avg_d0,-0.29101373560205285,-0.2952288095195823,-0.28965819241271645,-0.2900998913629867,DIST_11305
temp_diff_d0,0.02173576934993984,-0.009618351580462871,-0.009289422149695185,-0.01173839938071804,DIST_11305
temp_min_d0,-0.2953245293614887,-0.29592347539721103,-0.29027655710953454,-0.2899163060643346,DIST_11305
is_holiday,-0.5001763327413014,-0.1295910757115539,0.29047454807744183,0.1010612322946976,DIST_11305
std_month,-0.08790260664440869,-0.09652252154402613,-0.08566607195416065,-0.0812067997454337,DIST_11305
asthma_prev_d1,0.3505615111142689,0.38405569808950096,0.4387256235175012,0.439454883282144,DIST_11305
asthma_prev_d2,0.38329052567816957,0.4387490343194321,0.439492190679375,0.3759371199275052,DIST_11305
asthma_prev_d3,0.4367814305102171,0.4404363275018523,0.3759664513801026,0.350555652281042,DIST_11305
pm25_avg_d0,0.16015522928460357,0.12544392484577158,0.16046491607126923,0.1795481651343347,DIST_11320
pm25_max_d0,0.16272698270107006,0.12663077998157113,0.16889211515887761,0.18110368284074313,DIST_11320
pm25_streak_d0,0.0636614811501391,0.014315357293761526,0.06316827413950445,0.060473229905110004,DIST_11320
pm25_ma_72h,0.17616621781812397,0.18529072122334356,0.20389888688442842,0.19974025548483001,DIST_11320
pm10_avg_d0,0.20482731840199273,0.15953638811416113,0.20027645783050282,0.20115171947982136,DIST_11320
pm10_streak_d0,0.04439737457602084,0.04215526016655382,0.07319882709743289,0.11926007090275316,DIST_11320
pm10_ma_72h,0.23244878513474493,0.23232628945292363,0.24522914108664987,0.2327764212573798,DIST_11320
temp_avg_d0,-0.24995357075562818,-0.2527672935507877,-0.24703462614619012,-0.24839520130581053,DIST_11320
temp_diff_d0,0.047677120946871376,0.02371295861492507,0.03272965711319064,0.01943030885392891,DIST_11320
temp_min_d0,-0.25804881614419706,-0.25676997953894565,-0.25267531757474243,-0.25138519908789814,DIST_11320
is_holiday,-0.5497079421387501,-0.16849738227533115,0.32020038553005825,0.1056919964858181,DIST_11320
std_month,-0.06360496780391313,-0.07352145633488465,-0.06304814493828328,-0.05970887881408177,DIST_11320
asthma_prev_d1,0.23578305829790253,0.2507508677618322,0.3526732092178874,0.35395335778842413,DIST_11320
asthma_prev_d2,0.2500570640792826,0.353174265311212,0.35414545164754546,0.23764994377826268,DIST_11320
asthma_prev_d3,0.3516056224918488,0.35539658888799003,0.23805789116249726,0.2371606374988191,DIST_11320
pm25_avg_d0,0.11374679778361028,0.09452609359363669,0.12626942673296843,0.14001373814860735,DIST_11350
pm25_max_d0,0.1154461041680934,0.08119344940209144,0.12107328602010366,0.13228280668358144,DIST_11350
pm25_streak_d0,0.022034538646459417,-0.014868247130199654,0.036852976420544935,0.0313781533490692,DIST_11350
pm25_ma_72h,0.1304833936172446,0.14182216339475642,0.15228847925209765,0.14870539433850355,DIST_11350
pm10_avg_d0,0.15039523398953852,0.11890137794892142,0.1561540900629031,0.15306396032525013,DIST_11350
pm10_streak_d0,0.028368914021206414,0.011299546973747817,0.0528733253118468,0.06991604828722477,DIST_11350
pm10_ma_72h,0.17586286286571515,0.1787358958999143,0.18895040319465742,0.17894667912705606,DIST_11350
temp_avg_d0,-0.23778006768711307,-0.24035188534895938,-0.2353077628044749,-0.23527377257148482,DIST_11350
temp_diff_d0,0.0898665454572766,0.07127788570633882,0.0786412400987361,0.08450746265874912,DIST_11350
temp_min_d0,-0.24910607742077753,-0.24608283954716992,-0.24219167347537207,-0.24349015180797037,DIST_11350
is_holiday,-0.5142692323968275,-0.13922009143942918,0.28073884674187716,0.10556692606762488,DIST_11350
std_month,-0.023696088782790312,-0.03409042672980107,-0.02548369822239452,-0.02196844048660619,DIST_11350
asthma_prev_d1,0.27862242501727597,0.35798725125565733,0.38923506049297435,0.38530215712236204,DIST_11350
asthma_prev_d2,0.35681263909410477,0.38987180057244003,0.38562990837745265,0.34529485562612905,DIST_11350
asthma_prev_d3,0.3879821057471497,0.3870390806160081,0.3457585475313843,0.2803778351379312,DIST_11350
pm25_avg_d0,0.1441989186610966,0.09632519489289389,0.12848197508944267,0.15173660620236282,DIST_11380
pm25_max_d0,0.1500982373182725,0.09287189086578139,0.135179743755032,0.16118270797459494,DIST_11380
pm25_streak_d0,0.038782276825805206,0.018687102885888738,0.058352357957535225,0.06736926438343677,DIST_11380
pm25_ma_72h,0.14665505328499148,0.15067893911831412,0.1683739170420872,0.1634183946111967,DIST_11380
pm10_avg_d0,0.1903259108164931,0.12755943148469048,0.16624811623689023,0.1741579615295986,DIST_11380
pm10_streak_d0,0.03986220579742778,0.03423931145135628,0.055054785127613075,0.09004638805949508,DIST_11380
pm10_ma_72h,0.19807805794265373,0.19265729696339445,0.20785669333905818,0.19669274121704802,DIST_11380
temp_avg_d0,-0.24381259244174186,-0.24425856012181626,-0.2396923420079733,-0.24140999591618936,DIST_11380
temp_diff_d0,0.10507391492843608,0.07966347865178977,0.09235156732303922,0.0889056860102594,DIST_11380
temp_min_d0,-0.25197170462854257,-0.24796256033331707,-0.24520470295799482,-0.24493509191440468,DIST_11380
is_holiday,-0.5024605049173717,-0.1414579865843156,0.3088390386452266,0.06691932309011246,DIST_11380
std_month,-0.003323797156991861,-0.014080303452560828,-0.0035220361231358124,-0.0012831798226427985,DIST_11380
asthma_prev_d1,0.18989030858501293,0.2771797110211258,0.3734990586246337,0.3700140278033575,DIST_11380
asthma_prev_d2,0.27631655492211354,0.37389900244119967,0.37011324239963644,0.25951887237747423,DIST_11380
asthma_prev_d3,0.37242512448351445,0.3709486219630225,0.2596713177436657,0.19964159640541024,DIST_11380
pm25_avg_d0,0.14552699954376866,0.09682591011146502,0.1322147553917557,0.1577350672850268,DIST_11410
pm25_max_d0,0.15364329494578677,0.09421918625367659,0.1455866080574163,0.16923106735472537,DIST_11410
pm25_streak_d0,0.06886092101688654,0.008067603967594388,0.06826115934207486,0.08957734159797251,DIST_11410
pm25_ma_72h,0.14653913407561153,0.15239974565840703,0.17206142631506202,0.17178477317407329,DIST_11410
pm10_avg_d0,0.21640955556044794,0.15049020261399734,0.19593386644085278,0.20262876676217642,DIST_11410
pm10_streak_d0,0.05172121839671232,0.04776484123030858,0.07172766029674636,0.10876795132693953,DIST_11410
pm10_ma_72h,0.22850089832537915,0.22423679152245668,0.24352974738549388,0.23569868600452146,DIST_11410
temp_avg_d0,-0.25102977048156644,-0.25499904951814684,-0.24748166362503596,-0.2464370279478449,DIST_11410
temp_diff_d0,0.05371542178875874,0.029395085144062822,0.03476499265041739,0.03205131108852563,DIST_11410
temp_min_d0,-0.25835156950302784,-0.2592946801382195,-0.2515227665736803,-0.25008553977023545,DIST_11410
is_holiday,-0.5141422797891602,-0.17190877695292278,0.3046528454155504,0.08396522570947818,DIST_11410
std_month,-0.05624564660842697,-0.06711131380581031,-0.05576700346825751,-0.05198162825478895,DIST_11410
asthma_prev_d1,0.17244214898766042,0.25372822314092136,0.3441316615788366,0.342676362143238,DIST_11410
asthma_prev_d2,0.2529157760247856,0.34427018573473855,0.34280000826605334,0.23900235011552026,DIST_11410
asthma_prev_d3,0.34274447869857555,0.3436920791812634,0.2392280567729199,0.1762967344088111,DIST_11410
pm25_avg_d0,0.16106835153133622,0.12325139168737298,0.16257363198113509,0.1769600783264959,DIST_11440
pm25_max_d0,0.14671023990948032,0.0906242369941918,0.142937197012411,0.1650165714703505,DIST_11440
pm25_streak_d0,0.0451950134409833,0.0070299748012237475,0.07013011141567528,0.06420468848726422,DIST_11440
pm25_ma_72h,0.17413536220249917,0.18142416318731194,0.19858820228950025,0.19510662082479918,DIST_11440
pm10_avg_d0,0.18766659743530925,0.1382014787924396,0.17685714261523397,0.18322674620423238,DIST_11440
pm10_streak_d0,0.021267651653558414,0.007722184266450385,0.055671797366059914,0.08165016014701058,DIST_11440
pm10_ma_72h,0.20303967285464794,0.20296498140901967,0.2157858575410839,0.2051018718597805,DIST_11440
temp_avg_d0,-0.20596298229756152,-0.20855364511190952,-0.20048431199291536,-0.20167057354665843,DIST_11440
temp_diff_d0,0.039994147249657,0.007978781160231542,0.016208415039651605,0.015755505491748745,DIST_11440
temp_min_d0,-0.2106847679012253,-0.2094315334621271,-0.20140218078943514,-0.20276649479959072,DIST_11440
is_holiday,-0.5489180720959974,-0.181272192918885,0.30590730150467793,0.11588235667972609,DIST_11440
std_month,-0.03052370663997913,-0.04076128885297036,-0.0339113730138802,-0.03165536157361076,DIST_11440
asthma_prev_d1,0.2195411033512647,0.2582009382465764,0.31261087884867483,0.31113845588917377,DIST_11440
asthma_prev_d2,0.2571458861070804,0.31333552878253357,0.31140307732363615,0.23636298537833686,DIST_11440
asthma_prev_d3,0.31141186991517417,0.31306862175687944,0.23680441344617173,0.21871269476635066,DIST_11440
pm25_avg_d0,0.1253099638648411,0.08608184387578291,0.12247594701164806,0.14611594024391253,DIST_11470
pm25_max_d0,0.12362392211842807,0.06470933875926115,0.12801343999777293,0.14353964314379392,DIST_11470
pm25_streak_d0,0.051121259043177505,-0.020173416566441896,0.07070345813341619,0.06083160479733689,DIST_11470
pm25_ma_72h,0.1302043393012609,0.13936903855654034,0.15570007632446106,0.15198337835415515,DIST_11470
pm10_avg_d0,0.15246818316731198,0.09638431575258033,0.13778876761882528,0.1551653570824834,DIST_11470
pm10_streak_d0,0.011274646629806356,-0.008891638073830317,0.057059184887884695,0.061345169476670396,DIST_11470
pm10_ma_72h,0.15691636216377203,0.1593552972478768,0.17397322751106167,0.1655969008862068,DIST_11470
temp_avg_d0,-0.23205889948402922,-0.23583900480001596,-0.22840174622557216,-0.2282271667704468,DIST_11470
temp_diff_d0,0.021379509533997514,0.011010579249170373,0.011936657320270948,0.008876547501981738,DIST_11470
temp_min_d0,-0.23488237031710665,-0.23757906263478598,-0.23031395893103568,-0.2293772356659422,DIST_11470
is_holiday,-0.5558223895285951,-0.16800078801735538,0.31781710459855744,0.09940648485314499,DIST_11470
std_month,-0.01495673536602374,-0.02551100255947823,-0.01654769663877839,-0.014093399068237932,DIST_11470
asthma_prev_d1,0.20206892729351306,0.23603128257601932,0.3121997957687538,0.3095283104753576,DIST_11470
asthma_prev_d2,0.23516943335864887,0.3126407364110921,0.309733957601785,0.2209963600427088,DIST_11470
asthma_prev_d3,0.310730756375882,0.3108809225410002,0.22142112869531588,0.20596942769363263,DIST_11470
pm25_avg_d0,0.12021688627053409,0.07860337223629546,0.11159000129904727,0.13884522000892296,DIST_11500
pm25_max_d0,0.11614201013395635,0.06883745247687667,0.12640969326424575,0.14859862698204007,DIST_11500
pm25_streak_d0,0.03509195993648978,-0.012323293253757004,0.06512363584859959,0.06585765683365094,DIST_11500
pm25_ma_72h,0.12242678180433607,0.13073767350081497,0.14749834883413981,0.145204710064464,DIST_11500
pm10_avg_d0,0.17876140621744366,0.11959223781204545,0.15878435442796346,0.17595881999501792,DIST_11500
pm10_streak_d0,0.022438332495624103,0.0123853598962144,0.06292479420484766,0.07526419229949831,DIST_11500
pm10_ma_72h,0.18456262798328957,0.18471377776853143,0.20135417930381286,0.1945196933253928,DIST_11500
temp_avg_d0,-0.22655528689994506,-0.2309207416072216,-0.2223028259130164,-0.22357425254934057,DIST_11500
temp_diff_d0,-0.0418243835158942,-0.0569551808153886,-0.04968796601787402,-0.05223457596197869,DIST_11500
temp_min_d0,-0.2192763394719826,-0.22094466938208857,-0.2137647925791095,-0.21321978543228742,DIST_11500
is_holiday,-0.5216535763777559,-0.15418542088461526,0.2945446719091776,0.09088331079277207,DIST_11500
std_month,-0.034301620613734284,-0.04406544213470446,-0.035697240530966755,-0.03387638285574271,DIST_11500
asthma_prev_d1,0.25287160762941113,0.3193658760104556,0.3627637967587247,0.3636194876376051,DIST_11500
asthma_prev_d2,0.31818883561155814,0.3635995470146882,0.36398228715418984,0.30542521080177937,DIST_11500
asthma_prev_d3,0.36160061692754114,0.3654626813351693,0.30598026797481065,0.2557870379854475,DIST_11500
pm25_avg_d0,0.1285657150280291,0.09284810827931052,0.13080089352034963,0.1545082822710643,DIST_11530
pm25_max_d0,0.1250443505196,0.07946311824385681,0.13147628242467457,0.162957266989105,DIST_11530
pm25_streak_d0,0.03970690321187792,0.016832505709620013,0.056764646716894504,0.07759633281787683,DIST_11530
pm25_ma_72h,0.13822713917271767,0.1494978175701029,0.17018361531280385,0.1686411159454817,DIST_11530
pm10_avg_d0,0.17322174565516346,0.1158990938125288,0.15480980905406377,0.16994373348706449,DIST_11530
pm10_streak_d0,0.041775618999611845,0.027722649314721574,0.06603193898535535,0.07831568377751538,DIST_11530
pm10_ma_72h,0.17864150894077124,0.1785727930539798,0.19389158205152457,0.1862505601230259,DIST_11530
temp_avg_d0,-0.22735711197696667,-0.22891136201908613,-0.22138596560586388,-0.22181699727796314,DIST_11530
temp_diff_d0,0.03687189848326573,0.018823618932624662,0.02160041397538928,0.020270211965920555,DIST_11530
temp_min_d0,-0.2305128812086527,-0.22928988964193875,-0.22275449342836603,-0.22201741878215722,DIST_11530
is_holiday,-0.5628579388814388,-0.15092205965380515,0.3163181112270463,0.11099358783023813,DIST_11530
std_month,-0.027479817401106325,-0.03823866985276544,-0.029415654178773686,-0.027407463619110638,DIST_11530
asthma_prev_d1,0.15252005097314106,0.25122609274937113,0.26727507898794733,0.2731998620148827,DIST_11530
asthma_prev_d2,0.2504333340295745,0.2675346441362879,0.27327289086680784,0.23799683838532718,DIST_11530
asthma_prev_d3,0.265947714274488,0.2744708530718267,0.2380367613594954,0.16078558629135142,DIST_11530
pm25_avg_d0,0.11083861033373486,0.07961799754542388,0.1194428961775806,0.1440479555161162,DIST_11545
pm25_max_d0,0.08084426564845056,0.035343281334970555,0.09004294620904243,0.11546857888699365,DIST_11545
pm25_streak_d0,0.009299486320239202,-0.014163348216598001,0.04963228624786008,0.030250761655042036,DIST_11545
pm25_ma_72h,0.12106686814124092,0.135559938246307,0.15445919722254162,0.15135554067932946,DIST_11545
pm10_avg_d0,0.14559730663442497,0.0958079835532415,0.13235261433796625,0.14946668794740234,DIST_11545
pm10_streak_d0,0.006497862628333775,0.0025397227407628724,0.0580544208983762,0.05048129740060392,DIST_11545
pm10_ma_72h,0.1526567055343974,0.15605567610649115,0.17107628830197466,0.16395085662988604,DIST_11545
temp_avg_d0,-0.2199634953753928,-0.22247570349681042,-0.21267291766398067,-0.21506002399374433,DIST_11545
temp_diff_d0,0.038746849766951634,0.024345793181136804,0.03398508679235046,0.03589794733048422,DIST_11545
temp_min_d0,-0.22496068556653917,-0.22498760919118524,-0.2167142229345238,-0.21937301337797951,DIST_11545
is_holiday,-0.6022823141808074,-0.1746791705325009,0.3212048318634145,0.13242435999131322,DIST_11545
std_month,-0.06870654631040019,-0.07933274259158454,-0.07095489023258664,-0.0686336262169389,DIST_11545
asthma_prev_d1,0.17204203860887612,0.1917270788431038,0.22783901194904252,0.22408620901249413,DIST_11545
asthma_prev_d2,0.190589696529365,0.22905811489302524,0.22462610486251658,0.17271805429474843,DIST_11545
asthma_prev_d3,0.22647689512223396,0.22779551701198048,0.1739060305831589,0.17415180082863113,DIST_11545
pm25_avg_d0,0.15281046104184445,0.1012350990106356,0.1335014053168864,0.1621067063327384,DIST_11560
pm25_max_d0,0.16231189555409198,0.10003454891204927,0.1454612652859416,0.17310927399288412,DIST_11560
pm25_streak_d0,0.061984735305923785,0.022882634581589675,0.0696163708300567,0.07303824380080891,DIST_11560
pm25_ma_72h,0.15130128120505462,0.15577288677219478,0.17439162404694628,0.17291569623865088,DIST_11560
pm10_avg_d0,0.22171941768359082,0.1577520847206969,0.19899609809778449,0.21160619409241585,DIST_11560
pm10_streak_d0,0.051773123173545064,0.03554788774594679,0.0969580341248263,0.09890628699904808,DIST_11560
pm10_ma_72h,0.23412368438998965,0.23096141870634979,0.24987410472800275,0.24282204975636973,DIST_11560
temp_avg_d0,-0.22878922547205913,-0.23079519354631253,-0.2233363606971495,-0.22352985254255317,DIST_11560
temp_diff_d0,0.030864031699435007,0.009424487864536386,0.014667299610132165,0.015788643444211797,DIST_11560
temp_min_d0,-0.23354068048975146,-0.23171579044600774,-0.2250523309985966,-0.22495656126267718,DIST_11560
is_holiday,-0.5286774331217298,-0.16307091237141158,0.29154910336696965,0.09440044202549078,DIST_11560
std_month,-0.025135924380742237,-0.035755679825271496,-0.027542672961942138,-0.025379577253729607,DIST_11560
asthma_prev_d1,0.22061675038906348,0.294632173575959,0.33687742011210003,0.3365008747313578,DIST_11560
asthma_prev_d2,0.29400095065504495,0.33692726461487865,0.336469137467416,0.28049005629948676,DIST_11560
asthma_prev_d3,0.33539959880175174,0.33715965707381595,0.28041871324506656,0.2212904224399213,DIST_11560
pm25_avg_d0,0.1151076669357334,0.08193634269340538,0.11739428993345963,0.13866036634036108,DIST_11590
pm25_max_d0,0.1045678221429031,0.049165221131131566,0.10460236079373765,0.12499476768913745,DIST_11590
pm25_streak_d0,0.026728529440728392,-0.005199213405658315,0.05591517937756569,0.06025327458204698,DIST_11590
pm25_ma_72h,0.1232264294592787,0.13323437664923699,0.14721796783055777,0.14536311690510548,DIST_11590
pm10_avg_d0,0.11612120868773172,0.06882890346664931,0.10469213081702428,0.11568940730641682,DIST_11590
pm10_streak_d0,0.025444402589145952,0.01663614367356788,0.04151653236059358,0.058843826908076206,DIST_11590
pm10_ma_72h,0.11960949088975074,0.12064200760693597,0.13226445717241436,0.12341727468973598,DIST_11590
temp_avg_d0,-0.23100702575230458,-0.23171113920372507,-0.22581969149682168,-0.2261725980924599,DIST_11590
temp_diff_d0,0.03244117511923907,0.003671988215654963,0.027576101892278743,0.022294768305349738,DIST_11590
temp_min_d0,-0.23576406558638216,-0.23120536109688686,-0.2284394046978845,-0.22801730809502407,DIST_11590
is_holiday,-0.5439532287348834,-0.17491917504945395,0.3211985333344421,0.09953569981015041,DIST_11590
std_month,0.017140377237786098,0.006560962952648952,0.014963942814282951,0.018060465301552992,DIST_11590
asthma_prev_d1,0.17052159641791761,0.24518763947198263,0.30845826533580256,0.3080791208095276,DIST_11590
asthma_prev_d2,0.24464484688236984,0.3085673619183834,0.30811463581631915,0.23028439838603393,DIST_11590
asthma_prev_d3,0.30748993899617155,0.30862044436136027,0.23026281328359302,0.17440316425984256,DIST_11590
pm25_avg_d0,0.18609463268403378,0.1426982366829765,0.17950608292225215,0.20701432702941852,DIST_11620
pm25_max_d0,0.18347999957279393,0.12073059285066082,0.1769855259894422,0.20863371959453628,DIST_11620
pm25_streak_d0,0.06149462165176629,0.039017978918641914,0.06280408675306766,0.10494865090841779,DIST_11620
pm25_ma_72h,0.19780327230007952,0.20633765883108143,0.22695742914784617,0.22837636041955522,DIST_11620
pm10_avg_d0,0.1883211665071506,0.1341738467139924,0.16509535230995856,0.18437713604385506,DIST_11620
pm10_streak_d0,0.04446514142853898,0.023241784438338055,0.04605542332613041,0.06944622884092161,DIST_11620
pm10_ma_72h,0.19743429959107678,0.19722531045701228,0.21235293294947435,0.207513958141425,DIST_11620
temp_avg_d0,-0.2457853279621931,-0.24761296730928553,-0.24012987460608692,-0.24074518948686008,DIST_11620
temp_diff_d0,0.06279384302754065,0.03437693606250403,0.04129110339969038,0.041657802569502175,DIST_11620
temp_min_d0,-0.2527975462143881,-0.2494701599106011,-0.24245819700667928,-0.24338070717675866,DIST_11620
is_holiday,-0.5510016073482427,-0.17079752780727792,0.3086822512391176,0.0974847923552528,DIST_11620
std_month,-0.026688952447105375,-0.03741256633527273,-0.028360468646124817,-0.02460737763414051,DIST_11620
asthma_prev_d1,0.19404826605521466,0.24439488374540447,0.3117169117652519,0.31058380021659787,DIST_11620
asthma_prev_d2,0.2437916593778392,0.3117837100963715,0.3105967443680331,0.23093207398988763,DIST_11620
asthma_prev_d3,0.309966393745203,0.31126593478950615,0.23090727276936848,0.198343883597143,DIST_11620
pm25_avg_d0,0.10494350866143914,0.07097013079062292,0.10273621381423496,0.12269089731140868,DIST_11650
pm25_max_d0,0.10310539365285161,0.057060662422159486,0.10401448801936201,0.13116899069360258,DIST_11650
pm25_streak_d0,0.015433797416546475,-0.006771038240677327,0.02035370960636062,0.04846723558903047,DIST_11650
pm25_ma_72h,0.10877698279656163,0.11758712430793143,0.13539714299007333,0.13281556437951653,DIST_11650
pm10_avg_d0,0.18088907006606286,0.12725561592283396,0.1695686742691669,0.17516945972857145,DIST_11650
pm10_streak_d0,0.05818123381330526,0.027860699060735006,0.08822982364922244,0.10758530102443639,DIST_11650
pm10_ma_72h,0.19376364875235996,0.19295859000352308,0.20831816827459176,0.19715827339494016,DIST_11650
temp_avg_d0,-0.17267242333480412,-0.17642381223229214,-0.17050318904238757,-0.17012894011053564,DIST_11650
temp_diff_d0,-0.0011278729326595761,-0.005649577068769467,0.002786296328045319,0.0005184803912683226,DIST_11650
temp_min_d0,-0.1736055042516072,-0.1758233193358871,-0.17091465798383823,-0.16979007605480484,DIST_11650
is_holiday,-0.5135741265788569,-0.16121411096468416,0.2994261271970016,0.0816110293404826,DIST_11650
std_month,0.0184152517985727,0.008152643189634915,0.014907893478667698,0.01754718375988393,DIST_11650
asthma_prev_d1,0.253719082606177,0.3009320927701167,0.3861535137124924,0.38508348456332625,DIST_11650
asthma_prev_d2,0.30014593834266023,0.3863501956866066,0.38518920510151394,0.28696036724321217,DIST_11650
asthma_prev_d3,0.38483335001677815,0.38597738649036023,0.28716686998427826,0.2533817610715319,DIST_11650
pm25_avg_d0,0.11970843659519545,0.08043207396312169,0.10723262658053578,0.12614291963700378,DIST_11680
pm25_max_d0,0.13941359307779824,0.08831197105906753,0.11548851651915247,0.13523170237549356,DIST_11680
pm25_streak_d0,0.05087263911753463,0.023678547093480003,0.038777674020566394,0.06940425861046438,DIST_11680
pm25_ma_72h,0.11949884515178462,0.12333668631114891,0.13770478705710218,0.13808923740105092,DIST_11680
pm10_avg_d0,0.1883228716886802,0.1291032957745197,0.16748701802082785,0.17511986681491643,DIST_11680
pm10_streak_d0,0.0550585864489827,0.06350310500901712,0.070582307053032,0.08782017202827452,DIST_11680
pm10_ma_72h,0.19757981256556775,0.19367790121722017,0.20852801541078167,0.20066310804311005,DIST_11680
temp_avg_d0,-0.19134254679953785,-0.19336628499557507,-0.188361960905753,-0.18822760424038507,DIST_11680
temp_diff_d0,-0.07383285108873172,-0.08545235401626508,-0.08084706843806641,-0.08907678004677022,DIST_11680
temp_min_d0,-0.18331288351622269,-0.18286982770163532,-0.1783608858420721,-0.17723475075355477,DIST_11680
is_holiday,-0.5164152713715222,-0.17539026846282707,0.3065358727644956,0.11007402164411953,DIST_11680
std_month,0.016034090342821553,0.004404600170707162,0.011184171715297729,0.013725707931930016,DIST_11680
asthma_prev_d1,0.21870438001146067,0.2973134066119121,0.3538462301688516,0.3521995932782444,DIST_11680
asthma_prev_d2,0.29637092078664323,0.35418620256884636,0.35225280106524587,0.2748348831354056,DIST_11680
asthma_prev_d3,0.35222100884521945,0.35289200406514365,0.2748566170486411,0.21588162506319075,DIST_11680
pm25_avg_d0,0.14284938080821008,0.10723056733251957,0.13924525942076246,0.15792716215045138,DIST_11710
pm25_max_d0,0.17268271474633168,0.11415327595676585,0.164733736689001,0.1845182352378732,DIST_11710
pm25_streak_d0,0.05419422821686436,0.029233324512572965,0.06593302781997044,0.06518838107710927,DIST_11710
pm25_ma_72h,0.1523403779141452,0.15933433167264663,0.17583195997355597,0.17429854551189194,DIST_11710
pm10_avg_d0,0.1843784694517401,0.1287599805809937,0.17079317803448688,0.17556851290022008,DIST_11710
pm10_streak_d0,0.039135973944463866,0.033500471974573565,0.06202435648419822,0.08102189250572474,DIST_11710
pm10_ma_72h,0.19646490763542415,0.1942753978931638,0.21076235191983583,0.20125251319480475,DIST_11710
temp_avg_d0,-0.23908877732540906,-0.24274501068798432,-0.2352915318149932,-0.23505065196354036,DIST_11710
temp_diff_d0,0.03776489711058341,0.014196232655108684,0.027642892761943417,0.014464665933103351,DIST_11710
temp_min_d0,-0.2454981446342823,-0.24521775132345855,-0.23923054563342958,-0.23720753487013624,DIST_11710
is_holiday,-0.5260161721895072,-0.1444136676990327,0.30746961712071486,0.08737536652650822,DIST_11710
std_month,-0.023036002345025015,-0.03363705838037199,-0.02540231785712462,-0.02213145510389632,DIST_11710
asthma_prev_d1,0.2050350533372024,0.28014696019598456,0.35692626234194386,0.35503662727769253,DIST_11710
asthma_prev_d2,0.2792237854880164,0.35713228856408336,0.3551813696302293,0.2677173063919429,DIST_11710
asthma_prev_d3,0.3554002603390545,0.3560567319610833,0.26797732956322695,0.206031234713923,DIST_11710
pm25_avg_d0,0.1217716416298356,0.08931041938840485,0.11700368453906593,0.1362484679185323,DIST_11740
pm25_max_d0,0.13689816191313203,0.09442314494659965,0.13146113274201185,0.15590862621796658,DIST_11740
pm25_streak_d0,0.0400440265152339,0.025682910599651502,0.03589304910448845,0.06783146757298938,DIST_11740
pm25_ma_72h,0.12585922688452283,0.13313062968984649,0.14793930853316592,0.14876997155079935,DIST_11740
pm10_avg_d0,0.19614478948987438,0.13706184621923329,0.1766315291346612,0.1806585242700168,DIST_11740
pm10_streak_d0,0.048722285843311446,0.05981445662740115,0.06969876681787184,0.09935407901768584,DIST_11740
pm10_ma_72h,0.2066968465911327,0.20164691093827125,0.2161186548806192,0.2090249646269591,DIST_11740
temp_avg_d0,-0.23275301160095585,-0.23979673206915114,-0.23453832111752868,-0.2335927170654653,DIST_11740
temp_diff_d0,0.11524301735497064,0.08114494334022226,0.073317576271922,0.06715798252361976,DIST_11740
temp_min_d0,-0.24778003093404022,-0.24809380432671022,-0.24162374057423638,-0.23922406221647324,DIST_11740
is_holiday,-0.5662278860640446,-0.19140370661899633,0.3137338223285538,0.11382066331167094,DIST_11740
std_month,-0.027592682920853102,-0.038693106220103884,-0.030997471545503096,-0.028263338854046423,DIST_11740
asthma_prev_d1,0.1689169951488134,0.21465577734376767,0.2719121725727552,0.27248853022563047,DIST_11740
asthma_prev_d2,0.2136303006763153,0.2725496264092461,0.2724585930964832,0.1982211691018152,DIST_11740
asthma_prev_d3,0.2709616064070196,0.2732684493227167,0.19816592143893347,0.16756766773680154,DIST_11740
