"시점","자치구별(1)","자치구별(2)",항목,데이터
"2015","서울시","강남구",지역내총생산 (당해년 가격) (백만원),68735259
"2015","서울시","강남구",구성비 (%),17.8
"2015","서울시","강남구",인구(추계인구) (명),540548
"2015","서울시","강남구",1인당 지역내총생산 (천원),127158
"2015","서울시","강남구",수준지수 (서울특별시=100) (%),326.80
"2016","서울시","강남구",지역내총생산 (당해년 가격) (백만원),69094027
"2016","서울시","강남구",구성비 (%),17.0
"2016","서울시","강남구",인구(추계인구) (명),534889
"2016","서울시","강남구",1인당 지역내총생산 (천원),129175
"2016","서울시","강남구",수준지수 (서울특별시=100) (%),312.63
"2017","서울시","강남구",지역내총생산 (당해년 가격) (백만원),72893074
"2017","서울시","강남구",구성비 (%),17.1
"2017","서울시","강남구",인구(추계인구) (명),526768
"2017","서울시","강남구",1인당 지역내총생산 (천원),138378
"2017","서울시","강남구",수준지수 (서울특별시=100) (%),316.43
"2018","서울시","강남구",지역내총생산 (당해년 가격) (백만원),78135292
"2018","서울시","강남구",구성비 (%),17.3
"2018","서울시","강남구",인구(추계인구) (명),511896
"2018","서울시","강남구",1인당 지역내총생산 (천원),152639
"2018","서울시","강남구",수준지수 (서울특별시=100) (%),328.17
"2019","서울시","강남구",지역내총생산 (당해년 가격) (백만원),83473761
"2019","서울시","강남구",구성비 (%),17.9
"2019","서울시","강남구",인구(추계인구) (명),508287
"2019","서울시","강남구",1인당 지역내총생산 (천원),164226
"2019","서울시","강남구",수준지수 (서울특별시=100) (%),340.55
"2020","서울시","강남구",지역내총생산 (당해년 가격) (백만원),83304379
"2020","서울시","강남구",구성비 (%),17.6
"2020","서울시","강남구",인구(추계인구) (명),509281
"2020","서울시","강남구",1인당 지역내총생산 (천원),163573
"2020","서울시","강남구",수준지수 (서울특별시=100) (%),332.70
"2021","서울시","강남구",지역내총생산 (당해년 가격) (백만원),88825651
"2021","서울시","강남구",구성비 (%),17.5
"2021","서울시","강남구",인구(추계인구) (명),501576
"2021","서울시","강남구",1인당 지역내총생산 (천원),177093
"2021","서울시","강남구",수준지수 (서울특별시=100) (%),331.58
"2022","서울시","강남구",지역내총생산 (당해년 가격) (백만원),90033713
"2022","서울시","강남구",구성비 (%),17.0
"2022","서울시","강남구",인구(추계인구) (명),499817
"2022","서울시","강남구",1인당 지역내총생산 (천원),180133
"2022","서울시","강남구",수준지수 (서울특별시=100) (%),321.13
"2015","서울시","강동구",지역내총생산 (당해년 가격) (백만원),7789618
"2015","서울시","강동구",구성비 (%),2.0
"2015","서울시","강동구",인구(추계인구) (명),449659
"2015","서울시","강동구",1인당 지역내총생산 (천원),17323
"2015","서울시","강동구",수준지수 (서울특별시=100) (%),44.52
"2016","서울시","강동구",지역내총생산 (당해년 가격) (백만원),8262265
"2016","서울시","강동구",구성비 (%),2.0
"2016","서울시","강동구",인구(추계인구) (명),434929
"2016","서울시","강동구",1인당 지역내총생산 (천원),18997
"2016","서울시","강동구",수준지수 (서울특별시=100) (%),45.98
"2017","서울시","강동구",지역내총생산 (당해년 가격) (백만원),9225979
"2017","서울시","강동구",구성비 (%),2.2
"2017","서울시","강동구",인구(추계인구) (명),432556
"2017","서울시","강동구",1인당 지역내총생산 (천원),21329
"2017","서울시","강동구",수준지수 (서울특별시=100) (%),48.77
"2018","서울시","강동구",지역내총생산 (당해년 가격) (백만원),9502798
"2018","서울시","강동구",구성비 (%),2.1
"2018","서울시","강동구",인구(추계인구) (명),417807
"2018","서울시","강동구",1인당 지역내총생산 (천원),22744
"2018","서울시","강동구",수준지수 (서울특별시=100) (%),48.90
"2019","서울시","강동구",지역내총생산 (당해년 가격) (백만원),9985141
"2019","서울시","강동구",구성비 (%),2.1
"2019","서울시","강동구",인구(추계인구) (명),409903
"2019","서울시","강동구",1인당 지역내총생산 (천원),24360
"2019","서울시","강동구",수준지수 (서울특별시=100) (%),50.51
"2020","서울시","강동구",지역내총생산 (당해년 가격) (백만원),9973937
"2020","서울시","강동구",구성비 (%),2.1
"2020","서울시","강동구",인구(추계인구) (명),443058
"2020","서울시","강동구",1인당 지역내총생산 (천원),22512
"2020","서울시","강동구",수준지수 (서울특별시=100) (%),45.79
"2021","서울시","강동구",지역내총생산 (당해년 가격) (백만원),10054571
"2021","서울시","강동구",구성비 (%),2.0
"2021","서울시","강동구",인구(추계인구) (명),451998
"2021","서울시","강동구",1인당 지역내총생산 (천원),22245
"2021","서울시","강동구",수준지수 (서울특별시=100) (%),41.65
"2022","서울시","강동구",지역내총생산 (당해년 가격) (백만원),10328424
"2022","서울시","강동구",구성비 (%),2.0
"2022","서울시","강동구",인구(추계인구) (명),448729
"2022","서울시","강동구",1인당 지역내총생산 (천원),23017
"2022","서울시","강동구",수준지수 (서울특별시=100) (%),41.03
"2015","서울시","강북구",지역내총생산 (당해년 가격) (백만원),2953193
"2015","서울시","강북구",구성비 (%),0.8
"2015","서울시","강북구",인구(추계인구) (명),321909
"2015","서울시","강북구",1인당 지역내총생산 (천원),9174
"2015","서울시","강북구",수준지수 (서울특별시=100) (%),23.58
"2016","서울시","강북구",지역내총생산 (당해년 가격) (백만원),3077197
"2016","서울시","강북구",구성비 (%),0.8
"2016","서울시","강북구",인구(추계인구) (명),317889
"2016","서울시","강북구",1인당 지역내총생산 (천원),9680
"2016","서울시","강북구",수준지수 (서울특별시=100) (%),23.43
"2017","서울시","강북구",지역내총생산 (당해년 가격) (백만원),3224560
"2017","서울시","강북구",구성비 (%),0.8
"2017","서울시","강북구",인구(추계인구) (명),314885
"2017","서울시","강북구",1인당 지역내총생산 (천원),10240
"2017","서울시","강북구",수준지수 (서울특별시=100) (%),23.42
"2018","서울시","강북구",지역내총생산 (당해년 가격) (백만원),3375540
"2018","서울시","강북구",구성비 (%),0.7
"2018","서울시","강북구",인구(추계인구) (명),311802
"2018","서울시","강북구",1인당 지역내총생산 (천원),10826
"2018","서울시","강북구",수준지수 (서울특별시=100) (%),23.28
"2019","서울시","강북구",지역내총생산 (당해년 가격) (백만원),3477508
"2019","서울시","강북구",구성비 (%),0.7
"2019","서울시","강북구",인구(추계인구) (명),305659
"2019","서울시","강북구",1인당 지역내총생산 (천원),11377
"2019","서울시","강북구",수준지수 (서울특별시=100) (%),23.59
"2020","서울시","강북구",지역내총생산 (당해년 가격) (백만원),3575235
"2020","서울시","강북구",구성비 (%),0.8
"2020","서울시","강북구",인구(추계인구) (명),302105
"2020","서울시","강북구",1인당 지역내총생산 (천원),11834
"2020","서울시","강북구",수준지수 (서울특별시=100) (%),24.07
"2021","서울시","강북구",지역내총생산 (당해년 가격) (백만원),3740955
"2021","서울시","강북구",구성비 (%),0.7
"2021","서울시","강북구",인구(추계인구) (명),294628
"2021","서울시","강북구",1인당 지역내총생산 (천원),12697
"2021","서울시","강북구",수준지수 (서울특별시=100) (%),23.77
"2022","서울시","강북구",지역내총생산 (당해년 가격) (백만원),4121024
"2022","서울시","강북구",구성비 (%),0.8
"2022","서울시","강북구",인구(추계인구) (명),288916
"2022","서울시","강북구",1인당 지역내총생산 (천원),14264
"2022","서울시","강북구",수준지수 (서울특별시=100) (%),25.43
"2015","서울시","강서구",지역내총생산 (당해년 가격) (백만원),11557953
"2015","서울시","강서구",구성비 (%),3.0
"2015","서울시","강서구",인구(추계인구) (명),570097
"2015","서울시","강서구",1인당 지역내총생산 (천원),20274
"2015","서울시","강서구",수준지수 (서울특별시=100) (%),52.10
"2016","서울시","강서구",지역내총생산 (당해년 가격) (백만원),12822578
"2016","서울시","강서구",구성비 (%),3.1
"2016","서울시","강서구",인구(추계인구) (명),573224
"2016","서울시","강서구",1인당 지역내총생산 (천원),22369
"2016","서울시","강서구",수준지수 (서울특별시=100) (%),54.14
"2017","서울시","강서구",지역내총생산 (당해년 가격) (백만원),16401771
"2017","서울시","강서구",구성비 (%),3.8
"2017","서울시","강서구",인구(추계인구) (명),580674
"2017","서울시","강서구",1인당 지역내총생산 (천원),28246
"2017","서울시","강서구",수준지수 (서울특별시=100) (%),64.59
"2018","서울시","강서구",지역내총생산 (당해년 가격) (백만원),17203888
"2018","서울시","강서구",구성비 (%),3.8
"2018","서울시","강서구",인구(추계인구) (명),582377
"2018","서울시","강서구",1인당 지역내총생산 (천원),29541
"2018","서울시","강서구",수준지수 (서울특별시=100) (%),63.51
"2019","서울시","강서구",지역내총생산 (당해년 가격) (백만원),17422280
"2019","서울시","강서구",구성비 (%),3.7
"2019","서울시","강서구",인구(추계인구) (명),578578
"2019","서울시","강서구",1인당 지역내총생산 (천원),30112
"2019","서울시","강서구",수준지수 (서울특별시=100) (%),62.44
"2020","서울시","강서구",지역내총생산 (당해년 가격) (백만원),16942069
"2020","서울시","강서구",구성비 (%),3.6
"2020","서울시","강서구",인구(추계인구) (명),569177
"2020","서울시","강서구",1인당 지역내총생산 (천원),29766
"2020","서울시","강서구",수준지수 (서울특별시=100) (%),60.54
"2021","서울시","강서구",지역내총생산 (당해년 가격) (백만원),18411268
"2021","서울시","강서구",구성비 (%),3.6
"2021","서울시","강서구",인구(추계인구) (명),560939
"2021","서울시","강서구",1인당 지역내총생산 (천원),32822
"2021","서울시","강서구",수준지수 (서울특별시=100) (%),61.46
"2022","서울시","강서구",지역내총생산 (당해년 가격) (백만원),20790054
"2022","서울시","강서구",구성비 (%),3.9
"2022","서울시","강서구",인구(추계인구) (명),557793
"2022","서울시","강서구",1인당 지역내총생산 (천원),37272
"2022","서울시","강서구",수준지수 (서울특별시=100) (%),66.45
"2015","서울시","관악구",지역내총생산 (당해년 가격) (백만원),5232052
"2015","서울시","관악구",구성비 (%),1.4
"2015","서울시","관악구",인구(추계인구) (명),521481
"2015","서울시","관악구",1인당 지역내총생산 (천원),10033
"2015","서울시","관악구",수준지수 (서울특별시=100) (%),25.78
"2016","서울시","관악구",지역내총생산 (당해년 가격) (백만원),6125251
"2016","서울시","관악구",구성비 (%),1.5
"2016","서울시","관악구",인구(추계인구) (명),519316
"2016","서울시","관악구",1인당 지역내총생산 (천원),11795
"2016","서울시","관악구",수준지수 (서울특별시=100) (%),28.55
"2017","서울시","관악구",지역내총생산 (당해년 가격) (백만원),5390182
"2017","서울시","관악구",구성비 (%),1.3
"2017","서울시","관악구",인구(추계인구) (명),512435
"2017","서울시","관악구",1인당 지역내총생산 (천원),10519
"2017","서울시","관악구",수준지수 (서울특별시=100) (%),24.05
"2018","서울시","관악구",지역내총생산 (당해년 가격) (백만원),5413727
"2018","서울시","관악구",구성비 (%),1.2
"2018","서울시","관악구",인구(추계인구) (명),511996
"2018","서울시","관악구",1인당 지역내총생산 (천원),10574
"2018","서울시","관악구",수준지수 (서울특별시=100) (%),22.73
"2019","서울시","관악구",지역내총생산 (당해년 가격) (백만원),5586873
"2019","서울시","관악구",구성비 (%),1.2
"2019","서울시","관악구",인구(추계인구) (명),511328
"2019","서울시","관악구",1인당 지역내총생산 (천원),10926
"2019","서울시","관악구",수준지수 (서울특별시=100) (%),22.66
"2020","서울시","관악구",지역내총생산 (당해년 가격) (백만원),5865094
"2020","서울시","관악구",구성비 (%),1.2
"2020","서울시","관악구",인구(추계인구) (명),505188
"2020","서울시","관악구",1인당 지역내총생산 (천원),11610
"2020","서울시","관악구",수준지수 (서울특별시=100) (%),23.61
"2021","서울시","관악구",지역내총생산 (당해년 가격) (백만원),6096406
"2021","서울시","관악구",구성비 (%),1.2
"2021","서울시","관악구",인구(추계인구) (명),496221
"2021","서울시","관악구",1인당 지역내총생산 (천원),12286
"2021","서울시","관악구",수준지수 (서울특별시=100) (%),23.00
"2022","서울시","관악구",지역내총생산 (당해년 가격) (백만원),6484912
"2022","서울시","관악구",구성비 (%),1.2
"2022","서울시","관악구",인구(추계인구) (명),494347
"2022","서울시","관악구",1인당 지역내총생산 (천원),13118
"2022","서울시","관악구",수준지수 (서울특별시=100) (%),23.39
"2015","서울시","광진구",지역내총생산 (당해년 가격) (백만원),6343138
"2015","서울시","광진구",구성비 (%),1.6
"2015","서울시","광진구",인구(추계인구) (명),369494
"2015","서울시","광진구",1인당 지역내총생산 (천원),17167
"2015","서울시","광진구",수준지수 (서울특별시=100) (%),44.12
"2016","서울시","광진구",지역내총생산 (당해년 가격) (백만원),6722894
"2016","서울시","광진구",구성비 (%),1.7
"2016","서울시","광진구",인구(추계인구) (명),366874
"2016","서울시","광진구",1인당 지역내총생산 (천원),18325
"2016","서울시","광진구",수준지수 (서울특별시=100) (%),44.35
"2017","서울시","광진구",지역내총생산 (당해년 가격) (백만원),6942779
"2017","서울시","광진구",구성비 (%),1.6
"2017","서울시","광진구",인구(추계인구) (명),362869
"2017","서울시","광진구",1인당 지역내총생산 (천원),19133
"2017","서울시","광진구",수준지수 (서울특별시=100) (%),43.75
"2018","서울시","광진구",지역내총생산 (당해년 가격) (백만원),7036896
"2018","서울시","광진구",구성비 (%),1.6
"2018","서울시","광진구",인구(추계인구) (명),362781
"2018","서울시","광진구",1인당 지역내총생산 (천원),19397
"2018","서울시","광진구",수준지수 (서울특별시=100) (%),41.70
"2019","서울시","광진구",지역내총생산 (당해년 가격) (백만원),7234992
"2019","서울시","광진구",구성비 (%),1.6
"2019","서울시","광진구",인구(추계인구) (명),361711
"2019","서울시","광진구",1인당 지역내총생산 (천원),20002
"2019","서울시","광진구",수준지수 (서울특별시=100) (%),41.48
"2020","서울시","광진구",지역내총생산 (당해년 가격) (백만원),7375518
"2020","서울시","광진구",구성비 (%),1.6
"2020","서울시","광진구",인구(추계인구) (명),355958
"2020","서울시","광진구",1인당 지역내총생산 (천원),20720
"2020","서울시","광진구",수준지수 (서울특별시=100) (%),42.14
"2021","서울시","광진구",지역내총생산 (당해년 가격) (백만원),7503131
"2021","서울시","광진구",구성비 (%),1.5
"2021","서울시","광진구",인구(추계인구) (명),349926
"2021","서울시","광진구",1인당 지역내총생산 (천원),21442
"2021","서울시","광진구",수준지수 (서울특별시=100) (%),40.15
"2022","서울시","광진구",지역내총생산 (당해년 가격) (백만원),8050506
"2022","서울시","광진구",구성비 (%),1.5
"2022","서울시","광진구",인구(추계인구) (명),346409
"2022","서울시","광진구",1인당 지역내총생산 (천원),23240
"2022","서울시","광진구",수준지수 (서울특별시=100) (%),41.43
"2015","서울시","구로구",지역내총생산 (당해년 가격) (백만원),12740357
"2015","서울시","구로구",구성비 (%),3.3
"2015","서울시","구로구",인구(추계인구) (명),446416
"2015","서울시","구로구",1인당 지역내총생산 (천원),28539
"2015","서울시","구로구",수준지수 (서울특별시=100) (%),73.35
"2016","서울시","구로구",지역내총생산 (당해년 가격) (백만원),13728556
"2016","서울시","구로구",구성비 (%),3.4
"2016","서울시","구로구",인구(추계인구) (명),442766
"2016","서울시","구로구",1인당 지역내총생산 (천원),31006
"2016","서울시","구로구",수준지수 (서울특별시=100) (%),75.04
"2017","서울시","구로구",지역내총생산 (당해년 가격) (백만원),14541118
"2017","서울시","구로구",구성비 (%),3.4
"2017","서울시","구로구",인구(추계인구) (명),438700
"2017","서울시","구로구",1인당 지역내총생산 (천원),33146
"2017","서울시","구로구",수준지수 (서울특별시=100) (%),75.80
"2018","서울시","구로구",지역내총생산 (당해년 가격) (백만원),15644516
"2018","서울시","구로구",구성비 (%),3.5
"2018","서울시","구로구",인구(추계인구) (명),432270
"2018","서울시","구로구",1인당 지역내총생산 (천원),36192
"2018","서울시","구로구",수준지수 (서울특별시=100) (%),77.81
"2019","서울시","구로구",지역내총생산 (당해년 가격) (백만원),16326446
"2019","서울시","구로구",구성비 (%),3.5
"2019","서울시","구로구",인구(추계인구) (명),431001
"2019","서울시","구로구",1인당 지역내총생산 (천원),37880
"2019","서울시","구로구",수준지수 (서울특별시=100) (%),78.55
"2020","서울시","구로구",지역내총생산 (당해년 가격) (백만원),15445696
"2020","서울시","구로구",구성비 (%),3.3
"2020","서울시","구로구",인구(추계인구) (명),434846
"2020","서울시","구로구",1인당 지역내총생산 (천원),35520
"2020","서울시","구로구",수준지수 (서울특별시=100) (%),72.25
"2021","서울시","구로구",지역내총생산 (당해년 가격) (백만원),16121175
"2021","서울시","구로구",구성비 (%),3.2
"2021","서울시","구로구",인구(추계인구) (명),429461
"2021","서울시","구로구",1인당 지역내총생산 (천원),37538
"2021","서울시","구로구",수준지수 (서울특별시=100) (%),70.29
"2022","서울시","구로구",지역내총생산 (당해년 가격) (백만원),17326224
"2022","서울시","구로구",구성비 (%),3.3
"2022","서울시","구로구",인구(추계인구) (명),422716
"2022","서울시","구로구",1인당 지역내총생산 (천원),40988
"2022","서울시","구로구",수준지수 (서울특별시=100) (%),73.07
"2015","서울시","금천구",지역내총생산 (당해년 가격) (백만원),14844236
"2015","서울시","금천구",구성비 (%),3.8
"2015","서울시","금천구",인구(추계인구) (명),251607
"2015","서울시","금천구",1인당 지역내총생산 (천원),58998
"2015","서울시","금천구",수준지수 (서울특별시=100) (%),151.62
"2016","서울시","금천구",지역내총생산 (당해년 가격) (백만원),16910509
"2016","서울시","금천구",구성비 (%),4.2
"2016","서울시","금천구",인구(추계인구) (명),248820
"2016","서울시","금천구",1인당 지역내총생산 (천원),67963
"2016","서울시","금천구",수준지수 (서울특별시=100) (%),164.48
"2017","서울시","금천구",지역내총생산 (당해년 가격) (백만원),18785030
"2017","서울시","금천구",구성비 (%),4.4
"2017","서울시","금천구",인구(추계인구) (명),250238
"2017","서울시","금천구",1인당 지역내총생산 (천원),75069
"2017","서울시","금천구",수준지수 (서울특별시=100) (%),171.66
"2018","서울시","금천구",지역내총생산 (당해년 가격) (백만원),19714847
"2018","서울시","금천구",구성비 (%),4.4
"2018","서울시","금천구",인구(추계인구) (명),247849
"2018","서울시","금천구",1인당 지역내총생산 (천원),79544
"2018","서울시","금천구",수준지수 (서울특별시=100) (%),171.01
"2019","서울시","금천구",지역내총생산 (당해년 가격) (백만원),20253073
"2019","서울시","금천구",구성비 (%),4.3
"2019","서울시","금천구",인구(추계인구) (명),248970
"2019","서울시","금천구",1인당 지역내총생산 (천원),81347
"2019","서울시","금천구",수준지수 (서울특별시=100) (%),168.69
"2020","서울시","금천구",지역내총생산 (당해년 가격) (백만원),18920024
"2020","서울시","금천구",구성비 (%),4.0
"2020","서울시","금천구",인구(추계인구) (명),249361
"2020","서울시","금천구",1인당 지역내총생산 (천원),75874
"2020","서울시","금천구",수준지수 (서울특별시=100) (%),154.32
"2021","서울시","금천구",지역내총생산 (당해년 가격) (백만원),19620062
"2021","서울시","금천구",구성비 (%),3.9
"2021","서울시","금천구",인구(추계인구) (명),248029
"2021","서울시","금천구",1인당 지역내총생산 (천원),79104
"2021","서울시","금천구",수준지수 (서울특별시=100) (%),148.11
"2022","서울시","금천구",지역내총생산 (당해년 가격) (백만원),21034407
"2022","서울시","금천구",구성비 (%),4.0
"2022","서울시","금천구",인구(추계인구) (명),247305
"2022","서울시","금천구",1인당 지역내총생산 (천원),85055
"2022","서울시","금천구",수준지수 (서울특별시=100) (%),151.63
"2015","서울시","노원구",지역내총생산 (당해년 가격) (백만원),5854150
"2015","서울시","노원구",구성비 (%),1.5
"2015","서울시","노원구",인구(추계인구) (명),566097
"2015","서울시","노원구",1인당 지역내총생산 (천원),10341
"2015","서울시","노원구",수준지수 (서울특별시=100) (%),26.58
"2016","서울시","노원구",지역내총생산 (당해년 가격) (백만원),6101772
"2016","서울시","노원구",구성비 (%),1.5
"2016","서울시","노원구",인구(추계인구) (명),560350
"2016","서울시","노원구",1인당 지역내총생산 (천원),10889
"2016","서울시","노원구",수준지수 (서울특별시=100) (%),26.35
"2017","서울시","노원구",지역내총생산 (당해년 가격) (백만원),6676017
"2017","서울시","노원구",구성비 (%),1.6
"2017","서울시","노원구",인구(추계인구) (명),549198
"2017","서울시","노원구",1인당 지역내총생산 (천원),12156
"2017","서울시","노원구",수준지수 (서울특별시=100) (%),27.80
"2018","서울시","노원구",지역내총생산 (당해년 가격) (백만원),6732786
"2018","서울시","노원구",구성비 (%),1.5
"2018","서울시","노원구",인구(추계인구) (명),537562
"2018","서울시","노원구",1인당 지역내총생산 (천원),12525
"2018","서울시","노원구",수준지수 (서울특별시=100) (%),26.93
"2019","서울시","노원구",지역내총생산 (당해년 가격) (백만원),6909482
"2019","서울시","노원구",구성비 (%),1.5
"2019","서울시","노원구",인구(추계인구) (명),527504
"2019","서울시","노원구",1인당 지역내총생산 (천원),13098
"2019","서울시","노원구",수준지수 (서울특별시=100) (%),27.16
"2020","서울시","노원구",지역내총생산 (당해년 가격) (백만원),6952700
"2020","서울시","노원구",구성비 (%),1.5
"2020","서울시","노원구",인구(추계인구) (명),516456
"2020","서울시","노원구",1인당 지역내총생산 (천원),13462
"2020","서울시","노원구",수준지수 (서울특별시=100) (%),27.38
"2021","서울시","노원구",지역내총생산 (당해년 가격) (백만원),7336118
"2021","서울시","노원구",구성비 (%),1.4
"2021","서울시","노원구",인구(추계인구) (명),504709
"2021","서울시","노원구",1인당 지역내총생산 (천원),14535
"2021","서울시","노원구",수준지수 (서울특별시=100) (%),27.22
"2022","서울시","노원구",지역내총생산 (당해년 가격) (백만원),7385041
"2022","서울시","노원구",구성비 (%),1.4
"2022","서울시","노원구",인구(추계인구) (명),498182
"2022","서울시","노원구",1인당 지역내총생산 (천원),14824
"2022","서울시","노원구",수준지수 (서울특별시=100) (%),26.43
"2015","서울시","도봉구",지역내총생산 (당해년 가격) (백만원),3182015
"2015","서울시","도봉구",구성비 (%),0.8
"2015","서울시","도봉구",인구(추계인구) (명),341709
"2015","서울시","도봉구",1인당 지역내총생산 (천원),9312
"2015","서울시","도봉구",수준지수 (서울특별시=100) (%),23.93
"2016","서울시","도봉구",지역내총생산 (당해년 가격) (백만원),3318462
"2016","서울시","도봉구",구성비 (%),0.8
"2016","서울시","도봉구",인구(추계인구) (명),339015
"2016","서울시","도봉구",1인당 지역내총생산 (천원),9789
"2016","서울시","도봉구",수준지수 (서울특별시=100) (%),23.69
"2017","서울시","도봉구",지역내총생산 (당해년 가격) (백만원),3404471
"2017","서울시","도봉구",구성비 (%),0.8
"2017","서울시","도봉구",인구(추계인구) (명),333622
"2017","서울시","도봉구",1인당 지역내총생산 (천원),10205
"2017","서울시","도봉구",수준지수 (서울특별시=100) (%),23.33
"2018","서울시","도봉구",지역내총생산 (당해년 가격) (백만원),3535453
"2018","서울시","도봉구",구성비 (%),0.8
"2018","서울시","도봉구",인구(추계인구) (명),330810
"2018","서울시","도봉구",1인당 지역내총생산 (천원),10687
"2018","서울시","도봉구",수준지수 (서울특별시=100) (%),22.98
"2019","서울시","도봉구",지역내총생산 (당해년 가격) (백만원),3552456
"2019","서울시","도봉구",구성비 (%),0.8
"2019","서울시","도봉구",인구(추계인구) (명),326198
"2019","서울시","도봉구",1인당 지역내총생산 (천원),10890
"2019","서울시","도봉구",수준지수 (서울특별시=100) (%),22.58
"2020","서울시","도봉구",지역내총생산 (당해년 가격) (백만원),3750195
"2020","서울시","도봉구",구성비 (%),0.8
"2020","서울시","도봉구",인구(추계인구) (명),318960
"2020","서울시","도봉구",1인당 지역내총생산 (천원),11758
"2020","서울시","도봉구",수준지수 (서울특별시=100) (%),23.91
"2021","서울시","도봉구",지역내총생산 (당해년 가격) (백만원),3759397
"2021","서울시","도봉구",구성비 (%),0.7
"2021","서울시","도봉구",인구(추계인구) (명),310752
"2021","서울시","도봉구",1인당 지역내총생산 (천원),12098
"2021","서울시","도봉구",수준지수 (서울특별시=100) (%),22.65
"2022","서울시","도봉구",지역내총생산 (당해년 가격) (백만원),3651990
"2022","서울시","도봉구",구성비 (%),0.7
"2022","서울시","도봉구",인구(추계인구) (명),305642
"2022","서울시","도봉구",1인당 지역내총생산 (천원),11949
"2022","서울시","도봉구",수준지수 (서울특별시=100) (%),21.30
"2015","서울시","동대문구",지역내총생산 (당해년 가격) (백만원),7847523
"2015","서울시","동대문구",구성비 (%),2.0
"2015","서울시","동대문구",인구(추계인구) (명),366151
"2015","서울시","동대문구",1인당 지역내총생산 (천원),21432
"2015","서울시","동대문구",수준지수 (서울특별시=100) (%),55.08
"2016","서울시","동대문구",지역내총생산 (당해년 가격) (백만원),8291459
"2016","서울시","동대문구",구성비 (%),2.0
"2016","서울시","동대문구",인구(추계인구) (명),361834
"2016","서울시","동대문구",1인당 지역내총생산 (천원),22915
"2016","서울시","동대문구",수준지수 (서울특별시=100) (%),55.46
"2017","서울시","동대문구",지역내총생산 (당해년 가격) (백만원),8574749
"2017","서울시","동대문구",구성비 (%),2.0
"2017","서울시","동대문구",인구(추계인구) (명),357600
"2017","서울시","동대문구",1인당 지역내총생산 (천원),23979
"2017","서울시","동대문구",수준지수 (서울특별시=100) (%),54.83
"2018","서울시","동대문구",지역내총생산 (당해년 가격) (백만원),8638172
"2018","서울시","동대문구",구성비 (%),1.9
"2018","서울시","동대문구",인구(추계인구) (명),361998
"2018","서울시","동대문구",1인당 지역내총생산 (천원),23862
"2018","서울시","동대문구",수준지수 (서울특별시=100) (%),51.30
"2019","서울시","동대문구",지역내총생산 (당해년 가격) (백만원),8460739
"2019","서울시","동대문구",구성비 (%),1.8
"2019","서울시","동대문구",인구(추계인구) (명),359223
"2019","서울시","동대문구",1인당 지역내총생산 (천원),23553
"2019","서울시","동대문구",수준지수 (서울특별시=100) (%),48.84
"2020","서울시","동대문구",지역내총생산 (당해년 가격) (백만원),8649498
"2020","서울시","동대문구",구성비 (%),1.8
"2020","서울시","동대문구",인구(추계인구) (명),352888
"2020","서울시","동대문구",1인당 지역내총생산 (천원),24511
"2020","서울시","동대문구",수준지수 (서울특별시=100) (%),49.85
"2021","서울시","동대문구",지역내총생산 (당해년 가격) (백만원),9016511
"2021","서울시","동대문구",구성비 (%),1.8
"2021","서울시","동대문구",인구(추계인구) (명),347913
"2021","서울시","동대문구",1인당 지역내총생산 (천원),25916
"2021","서울시","동대문구",수준지수 (서울특별시=100) (%),48.52
"2022","서울시","동대문구",지역내총생산 (당해년 가격) (백만원),8990002
"2022","서울시","동대문구",구성비 (%),1.7
"2022","서울시","동대문구",인구(추계인구) (명),347808
"2022","서울시","동대문구",1인당 지역내총생산 (천원),25848
"2022","서울시","동대문구",수준지수 (서울특별시=100) (%),46.08
"2015","서울시","동작구",지역내총생산 (당해년 가격) (백만원),5669751
"2015","서울시","동작구",구성비 (%),1.5
"2015","서울시","동작구",인구(추계인구) (명),412313
"2015","서울시","동작구",1인당 지역내총생산 (천원),13751
"2015","서울시","동작구",수준지수 (서울특별시=100) (%),35.34
"2016","서울시","동작구",지역내총생산 (당해년 가격) (백만원),6124227
"2016","서울시","동작구",구성비 (%),1.5
"2016","서울시","동작구",인구(추계인구) (명),408043
"2016","서울시","동작구",1인당 지역내총생산 (천원),15009
"2016","서울시","동작구",수준지수 (서울특별시=100) (%),36.32
"2017","서울시","동작구",지역내총생산 (당해년 가격) (백만원),6534511
"2017","서울시","동작구",구성비 (%),1.5
"2017","서울시","동작구",인구(추계인구) (명),401213
"2017","서울시","동작구",1인당 지역내총생산 (천원),16287
"2017","서울시","동작구",수준지수 (서울특별시=100) (%),37.24
"2018","서울시","동작구",지역내총생산 (당해년 가격) (백만원),6683107
"2018","서울시","동작구",구성비 (%),1.5
"2018","서울시","동작구",인구(추계인구) (명),398068
"2018","서울시","동작구",1인당 지역내총생산 (천원),16789
"2018","서울시","동작구",수준지수 (서울특별시=100) (%),36.10
"2019","서울시","동작구",지역내총생산 (당해년 가격) (백만원),6660009
"2019","서울시","동작구",구성비 (%),1.4
"2019","서울시","동작구",인구(추계인구) (명),402977
"2019","서울시","동작구",1인당 지역내총생산 (천원),16527
"2019","서울시","동작구",수준지수 (서울특별시=100) (%),34.27
"2020","서울시","동작구",지역내총생산 (당해년 가격) (백만원),7158203
"2020","서울시","동작구",구성비 (%),1.5
"2020","서울시","동작구",인구(추계인구) (명),395249
"2020","서울시","동작구",1인당 지역내총생산 (천원),18111
"2020","서울시","동작구",수준지수 (서울특별시=100) (%),36.84
"2021","서울시","동작구",지역내총생산 (당해년 가격) (백만원),7278402
"2021","서울시","동작구",구성비 (%),1.4
"2021","서울시","동작구",인구(추계인구) (명),389147
"2021","서울시","동작구",1인당 지역내총생산 (천원),18703
"2021","서울시","동작구",수준지수 (서울특별시=100) (%),35.02
"2022","서울시","동작구",지역내총생산 (당해년 가격) (백만원),7614908
"2022","서울시","동작구",구성비 (%),1.4
"2022","서울시","동작구",인구(추계인구) (명),387889
"2022","서울시","동작구",1인당 지역내총생산 (천원),19632
"2022","서울시","동작구",수준지수 (서울특별시=100) (%),35.00
"2015","서울시","마포구",지역내총생산 (당해년 가격) (백만원),17526249
"2015","서울시","마포구",구성비 (%),4.5
"2015","서울시","마포구",인구(추계인구) (명),381936
"2015","서울시","마포구",1인당 지역내총생산 (천원),45888
"2015","서울시","마포구",수준지수 (서울특별시=100) (%),117.93
"2016","서울시","마포구",지역내총생산 (당해년 가격) (백만원),18415850
"2016","서울시","마포구",구성비 (%),4.5
"2016","서울시","마포구",인구(추계인구) (명),376613
"2016","서울시","마포구",1인당 지역내총생산 (천원),48899
"2016","서울시","마포구",수준지수 (서울특별시=100) (%),118.35
"2017","서울시","마포구",지역내총생산 (당해년 가격) (백만원),18948326
"2017","서울시","마포구",구성비 (%),4.4
"2017","서울시","마포구",인구(추계인구) (명),370277
"2017","서울시","마포구",1인당 지역내총생산 (천원),51173
"2017","서울시","마포구",수준지수 (서울특별시=100) (%),117.02
"2018","서울시","마포구",지역내총생산 (당해년 가격) (백만원),20357606
"2018","서울시","마포구",구성비 (%),4.5
"2018","서울시","마포구",인구(추계인구) (명),368647
"2018","서울시","마포구",1인당 지역내총생산 (천원),55222
"2018","서울시","마포구",수준지수 (서울특별시=100) (%),118.73
"2019","서울시","마포구",지역내총생산 (당해년 가격) (백만원),20660850
"2019","서울시","마포구",구성비 (%),4.4
"2019","서울시","마포구",인구(추계인구) (명),369130
"2019","서울시","마포구",1인당 지역내총생산 (천원),55972
"2019","서울시","마포구",수준지수 (서울특별시=100) (%),116.07
"2020","서울시","마포구",지역내총생산 (당해년 가격) (백만원),21010217
"2020","서울시","마포구",구성비 (%),4.4
"2020","서울시","마포구",인구(추계인구) (명),367091
"2020","서울시","마포구",1인당 지역내총생산 (천원),57234
"2020","서울시","마포구",수준지수 (서울특별시=100) (%),116.41
"2021","서울시","마포구",지역내총생산 (당해년 가격) (백만원),22791466
"2021","서울시","마포구",구성비 (%),4.5
"2021","서울시","마포구",인구(추계인구) (명),365136
"2021","서울시","마포구",1인당 지역내총생산 (천원),62419
"2021","서울시","마포구",수준지수 (서울특별시=100) (%),116.87
"2022","서울시","마포구",지역내총생산 (당해년 가격) (백만원),23169325
"2022","서울시","마포구",구성비 (%),4.4
"2022","서울시","마포구",인구(추계인구) (명),362971
"2022","서울시","마포구",1인당 지역내총생산 (천원),63832
"2022","서울시","마포구",수준지수 (서울특별시=100) (%),113.80
"2015","서울시","서대문구",지역내총생산 (당해년 가격) (백만원),7267605
"2015","서울시","서대문구",구성비 (%),1.9
"2015","서울시","서대문구",인구(추계인구) (명),309797
"2015","서울시","서대문구",1인당 지역내총생산 (천원),23459
"2015","서울시","서대문구",수준지수 (서울특별시=100) (%),60.29
"2016","서울시","서대문구",지역내총생산 (당해년 가격) (백만원),7885982
"2016","서울시","서대문구",구성비 (%),1.9
"2016","서울시","서대문구",인구(추계인구) (명),318355
"2016","서울시","서대문구",1인당 지역내총생산 (천원),24771
"2016","서울시","서대문구",수준지수 (서울특별시=100) (%),59.95
"2017","서울시","서대문구",지역내총생산 (당해년 가격) (백만원),8069571
"2017","서울시","서대문구",구성비 (%),1.9
"2017","서울시","서대문구",인구(추계인구) (명),321480
"2017","서울시","서대문구",1인당 지역내총생산 (천원),25101
"2017","서울시","서대문구",수준지수 (서울특별시=100) (%),57.40
"2018","서울시","서대문구",지역내총생산 (당해년 가격) (백만원),8313860
"2018","서울시","서대문구",구성비 (%),1.8
"2018","서울시","서대문구",인구(추계인구) (명),319448
"2018","서울시","서대문구",1인당 지역내총생산 (천원),26026
"2018","서울시","서대문구",수준지수 (서울특별시=100) (%),55.95
"2019","서울시","서대문구",지역내총생산 (당해년 가격) (백만원),8642027
"2019","서울시","서대문구",구성비 (%),1.9
"2019","서울시","서대문구",인구(추계인구) (명),320173
"2019","서울시","서대문구",1인당 지역내총생산 (천원),26992
"2019","서울시","서대문구",수준지수 (서울특별시=100) (%),55.97
"2020","서울시","서대문구",지역내총생산 (당해년 가격) (백만원),8394365
"2020","서울시","서대문구",구성비 (%),1.8
"2020","서울시","서대문구",인구(추계인구) (명),317188
"2020","서울시","서대문구",1인당 지역내총생산 (천원),26465
"2020","서울시","서대문구",수준지수 (서울특별시=100) (%),53.83
"2021","서울시","서대문구",지역내총생산 (당해년 가격) (백만원),8978522
"2021","서울시","서대문구",구성비 (%),1.8
"2021","서울시","서대문구",인구(추계인구) (명),313930
"2021","서울시","서대문구",1인당 지역내총생산 (천원),28600
"2021","서울시","서대문구",수준지수 (서울특별시=100) (%),53.55
"2022","서울시","서대문구",지역내총생산 (당해년 가격) (백만원),8776167
"2022","서울시","서대문구",구성비 (%),1.7
"2022","서울시","서대문구",인구(추계인구) (명),316135
"2022","서울시","서대문구",1인당 지역내총생산 (천원),27761
"2022","서울시","서대문구",수준지수 (서울특별시=100) (%),49.49
"2015","서울시","서초구",지역내총생산 (당해년 가격) (백만원),30023717
"2015","서울시","서초구",구성비 (%),7.8
"2015","서울시","서초구",인구(추계인구) (명),420368
"2015","서울시","서초구",1인당 지역내총생산 (천원),71422
"2015","서울시","서초구",수준지수 (서울특별시=100) (%),183.55
"2016","서울시","서초구",지역내총생산 (당해년 가격) (백만원),33516210
"2016","서울시","서초구",구성비 (%),8.2
"2016","서울시","서초구",인구(추계인구) (명),418215
"2016","서울시","서초구",1인당 지역내총생산 (천원),80141
"2016","서울시","서초구",수준지수 (서울특별시=100) (%),193.96
"2017","서울시","서초구",지역내총생산 (당해년 가격) (백만원),34073087
"2017","서울시","서초구",구성비 (%),8.0
"2017","서울시","서초구",인구(추계인구) (명),415982
"2017","서울시","서초구",1인당 지역내총생산 (천원),81910
"2017","서울시","서초구",수준지수 (서울특별시=100) (%),187.30
"2018","서울시","서초구",지역내총생산 (당해년 가격) (백만원),36465683
"2018","서울시","서초구",구성비 (%),8.1
"2018","서울시","서초구",인구(추계인구) (명),413435
"2018","서울시","서초구",1인당 지역내총생산 (천원),88202
"2018","서울시","서초구",수준지수 (서울특별시=100) (%),189.63
"2019","서울시","서초구",지역내총생산 (당해년 가격) (백만원),37360049
"2019","서울시","서초구",구성비 (%),8.0
"2019","서울시","서초구",인구(추계인구) (명),405612
"2019","서울시","서초구",1인당 지역내총생산 (천원),92108
"2019","서울시","서초구",수준지수 (서울특별시=100) (%),191.00
"2020","서울시","서초구",지역내총생산 (당해년 가격) (백만원),37873149
"2020","서울시","서초구",구성비 (%),8.0
"2020","서울시","서초구",인구(추계인구) (명),405077
"2020","서울시","서초구",1인당 지역내총생산 (천원),93496
"2020","서울시","서초구",수준지수 (서울특별시=100) (%),190.17
"2021","서울시","서초구",지역내총생산 (당해년 가격) (백만원),40707817
"2021","서울시","서초구",구성비 (%),8.0
"2021","서울시","서초구",인구(추계인구) (명),396100
"2021","서울시","서초구",1인당 지역내총생산 (천원),102772
"2021","서울시","서초구",수준지수 (서울특별시=100) (%),192.43
"2022","서울시","서초구",지역내총생산 (당해년 가격) (백만원),40252087
"2022","서울시","서초구",구성비 (%),7.6
"2022","서울시","서초구",인구(추계인구) (명),383939
"2022","서울시","서초구",1인당 지역내총생산 (천원),104840
"2022","서울시","서초구",수준지수 (서울특별시=100) (%),186.90
"2015","서울시","성동구",지역내총생산 (당해년 가격) (백만원),10728559
"2015","서울시","성동구",구성비 (%),2.8
"2015","서울시","성동구",인구(추계인구) (명),295266
"2015","서울시","성동구",1인당 지역내총생산 (천원),36335
"2015","서울시","성동구",수준지수 (서울특별시=100) (%),93.38
"2016","서울시","성동구",지역내총생산 (당해년 가격) (백만원),11696824
"2016","서울시","성동구",구성비 (%),2.9
"2016","서울시","성동구",인구(추계인구) (명),294822
"2016","서울시","성동구",1인당 지역내총생산 (천원),39674
"2016","서울시","성동구",수준지수 (서울특별시=100) (%),96.02
"2017","서울시","성동구",지역내총생산 (당해년 가격) (백만원),12741890
"2017","서울시","성동구",구성비 (%),3.0
"2017","서울시","성동구",인구(추계인구) (명),301326
"2017","서울시","성동구",1인당 지역내총생산 (천원),42286
"2017","서울시","성동구",수준지수 (서울특별시=100) (%),96.70
"2018","서울시","성동구",지역내총생산 (당해년 가격) (백만원),13144185
"2018","서울시","성동구",구성비 (%),2.9
"2018","서울시","성동구",인구(추계인구) (명),306092
"2018","서울시","성동구",1인당 지역내총생산 (천원),42942
"2018","서울시","성동구",수준지수 (서울특별시=100) (%),92.32
"2019","서울시","성동구",지역내총생산 (당해년 가격) (백만원),13531243
"2019","서울시","성동구",구성비 (%),2.9
"2019","서울시","성동구",인구(추계인구) (명),303440
"2019","서울시","성동구",1인당 지역내총생산 (천원),44593
"2019","서울시","성동구",수준지수 (서울특별시=100) (%),92.47
"2020","서울시","성동구",지역내총생산 (당해년 가격) (백만원),13807677
"2020","서울시","성동구",구성비 (%),2.9
"2020","서울시","성동구",인구(추계인구) (명),294432
"2020","서울시","성동구",1인당 지역내총생산 (천원),46896
"2020","서울시","성동구",수준지수 (서울특별시=100) (%),95.38
"2021","서울시","성동구",지역내총생산 (당해년 가격) (백만원),15933418
"2021","서울시","성동구",구성비 (%),3.1
"2021","서울시","성동구",인구(추계인구) (명),287580
"2021","서울시","성동구",1인당 지역내총생산 (천원),55405
"2021","서울시","성동구",수준지수 (서울특별시=100) (%),103.74
"2022","서울시","성동구",지역내총생산 (당해년 가격) (백만원),16751326
"2022","서울시","성동구",구성비 (%),3.2
"2022","서울시","성동구",인구(추계인구) (명),282740
"2022","서울시","성동구",1인당 지역내총생산 (천원),59246
"2022","서울시","성동구",수준지수 (서울특별시=100) (%),105.62
"2015","서울시","성북구",지역내총생산 (당해년 가격) (백만원),5580652
"2015","서울시","성북구",구성비 (%),1.4
"2015","서울시","성북구",인구(추계인구) (명),459690
"2015","서울시","성북구",1인당 지역내총생산 (천원),12140
"2015","서울시","성북구",수준지수 (서울특별시=100) (%),31.20
"2016","서울시","성북구",지역내총생산 (당해년 가격) (백만원),5784772
"2016","서울시","성북구",구성비 (%),1.4
"2016","서울시","성북구",인구(추계인구) (명),452601
"2016","서울시","성북구",1인당 지역내총생산 (천원),12781
"2016","서울시","성북구",수준지수 (서울특별시=100) (%),30.93
"2017","서울시","성북구",지역내총생산 (당해년 가격) (백만원),6143291
"2017","서울시","성북구",구성비 (%),1.4
"2017","서울시","성북구",인구(추계인구) (명),447213
"2017","서울시","성북구",1인당 지역내총생산 (천원),13737
"2017","서울시","성북구",수준지수 (서울특별시=100) (%),31.41
"2018","서울시","성북구",지역내총생산 (당해년 가격) (백만원),6108360
"2018","서울시","성북구",구성비 (%),1.4
"2018","서울시","성북구",인구(추계인구) (명),440796
"2018","서울시","성북구",1인당 지역내총생산 (천원),13858
"2018","서울시","성북구",수준지수 (서울특별시=100) (%),29.79
"2019","서울시","성북구",지역내총생산 (당해년 가격) (백만원),6199126
"2019","서울시","성북구",구성비 (%),1.3
"2019","서울시","성북구",인구(추계인구) (명),442053
"2019","서울시","성북구",1인당 지역내총생산 (천원),14023
"2019","서울시","성북구",수준지수 (서울특별시=100) (%),29.08
"2020","서울시","성북구",지역내총생산 (당해년 가격) (백만원),6271732
"2020","서울시","성북구",구성비 (%),1.3
"2020","서울시","성북구",인구(추계인구) (명),441745
"2020","서울시","성북구",1인당 지역내총생산 (천원),14198
"2020","서울시","성북구",수준지수 (서울특별시=100) (%),28.88
"2021","서울시","성북구",지역내총생산 (당해년 가격) (백만원),6433401
"2021","서울시","성북구",구성비 (%),1.3
"2021","서울시","성북구",인구(추계인구) (명),436199
"2021","서울시","성북구",1인당 지역내총생산 (천원),14749
"2021","서울시","성북구",수준지수 (서울특별시=100) (%),27.62
"2022","서울시","성북구",지역내총생산 (당해년 가격) (백만원),6460251
"2022","서울시","성북구",구성비 (%),1.2
"2022","서울시","성북구",인구(추계인구) (명),435613
"2022","서울시","성북구",1인당 지역내총생산 (천원),14830
"2022","서울시","성북구",수준지수 (서울특별시=100) (%),26.44
"2015","서울시","송파구",지역내총생산 (당해년 가격) (백만원),23003743
"2015","서울시","송파구",구성비 (%),5.9
"2015","서울시","송파구",인구(추계인구) (명),637828
"2015","서울시","송파구",1인당 지역내총생산 (천원),36066
"2015","서울시","송파구",수준지수 (서울특별시=100) (%),92.69
"2016","서울시","송파구",지역내총생산 (당해년 가격) (백만원),24117344
"2016","서울시","송파구",구성비 (%),5.9
"2016","서울시","송파구",인구(추계인구) (명),627130
"2016","서울시","송파구",1인당 지역내총생산 (천원),38457
"2016","서울시","송파구",수준지수 (서울특별시=100) (%),93.07
"2017","서울시","송파구",지역내총생산 (당해년 가격) (백만원),26840097
"2017","서울시","송파구",구성비 (%),6.3
"2017","서울시","송파구",인구(추계인구) (명),632431
"2017","서울시","송파구",1인당 지역내총생산 (천원),42440
"2017","서울시","송파구",수준지수 (서울특별시=100) (%),97.05
"2018","서울시","송파구",지역내총생산 (당해년 가격) (백만원),27463661
"2018","서울시","송파구",구성비 (%),6.1
"2018","서울시","송파구",인구(추계인구) (명),638411
"2018","서울시","송파구",1인당 지역내총생산 (천원),43019
"2018","서울시","송파구",수준지수 (서울특별시=100) (%),92.49
"2019","서울시","송파구",지역내총생산 (당해년 가격) (백만원),28293817
"2019","서울시","송파구",구성비 (%),6.1
"2019","서울시","송파구",인구(추계인구) (명),650895
"2019","서울시","송파구",1인당 지역내총생산 (천원),43469
"2019","서울시","송파구",수준지수 (서울특별시=100) (%),90.14
"2020","서울시","송파구",지역내총생산 (당해년 가격) (백만원),30485678
"2020","서울시","송파구",구성비 (%),6.4
"2020","서울시","송파구",인구(추계인구) (명),645798
"2020","서울시","송파구",1인당 지역내총생산 (천원),47206
"2020","서울시","송파구",수준지수 (서울특별시=100) (%),96.02
"2021","서울시","송파구",지역내총생산 (당해년 가격) (백만원),32580044
"2021","서울시","송파구",구성비 (%),6.4
"2021","서울시","송파구",인구(추계인구) (명),633013
"2021","서울시","송파구",1인당 지역내총생산 (천원),51468
"2021","서울시","송파구",수준지수 (서울특별시=100) (%),96.37
"2022","서울시","송파구",지역내총생산 (당해년 가격) (백만원),33775727
"2022","서울시","송파구",구성비 (%),6.4
"2022","서울시","송파구",인구(추계인구) (명),637016
"2022","서울시","송파구",1인당 지역내총생산 (천원),53022
"2022","서울시","송파구",수준지수 (서울특별시=100) (%),94.52
"2015","서울시","양천구",지역내총생산 (당해년 가격) (백만원),6372503
"2015","서울시","양천구",구성비 (%),1.6
"2015","서울시","양천구",인구(추계인구) (명),466758
"2015","서울시","양천구",1인당 지역내총생산 (천원),13653
"2015","서울시","양천구",수준지수 (서울특별시=100) (%),35.09
"2016","서울시","양천구",지역내총생산 (당해년 가격) (백만원),6575328
"2016","서울시","양천구",구성비 (%),1.6
"2016","서울시","양천구",인구(추계인구) (명),462973
"2016","서울시","양천구",1인당 지역내총생산 (천원),14202
"2016","서울시","양천구",수준지수 (서울특별시=100) (%),34.37
"2017","서울시","양천구",지역내총생산 (당해년 가격) (백만원),6961853
"2017","서울시","양천구",구성비 (%),1.6
"2017","서울시","양천구",인구(추계인구) (명),454126
"2017","서울시","양천구",1인당 지역내총생산 (천원),15330
"2017","서울시","양천구",수준지수 (서울특별시=100) (%),35.06
"2018","서울시","양천구",지역내총생산 (당해년 가격) (백만원),7338018
"2018","서울시","양천구",구성비 (%),1.6
"2018","서울시","양천구",인구(추계인구) (명),448648
"2018","서울시","양천구",1인당 지역내총생산 (천원),16356
"2018","서울시","양천구",수준지수 (서울특별시=100) (%),35.16
"2019","서울시","양천구",지역내총생산 (당해년 가격) (백만원),7376719
"2019","서울시","양천구",구성비 (%),1.6
"2019","서울시","양천구",인구(추계인구) (명),443026
"2019","서울시","양천구",1인당 지역내총생산 (천원),16651
"2019","서울시","양천구",수준지수 (서울특별시=100) (%),34.53
"2020","서울시","양천구",지역내총생산 (당해년 가격) (백만원),7462361
"2020","서울시","양천구",구성비 (%),1.6
"2020","서울시","양천구",인구(추계인구) (명),441402
"2020","서울시","양천구",1인당 지역내총생산 (천원),16906
"2020","서울시","양천구",수준지수 (서울특별시=100) (%),34.39
"2021","서울시","양천구",지역내총생산 (당해년 가격) (백만원),7855631
"2021","서울시","양천구",구성비 (%),1.5
"2021","서울시","양천구",인구(추계인구) (명),435359
"2021","서울시","양천구",1인당 지역내총생산 (천원),18044
"2021","서울시","양천구",수준지수 (서울특별시=100) (%),33.79
"2022","서울시","양천구",지역내총생산 (당해년 가격) (백만원),8287264
"2022","서울시","양천구",구성비 (%),1.6
"2022","서울시","양천구",인구(추계인구) (명),428903
"2022","서울시","양천구",1인당 지역내총생산 (천원),19322
"2022","서울시","양천구",수준지수 (서울특별시=100) (%),34.45
"2015","서울시","영등포구",지역내총생산 (당해년 가격) (백만원),30683968
"2015","서울시","영등포구",구성비 (%),7.9
"2015","서울시","영등포구",인구(추계인구) (명),407853
"2015","서울시","영등포구",1인당 지역내총생산 (천원),75233
"2015","서울시","영등포구",수준지수 (서울특별시=100) (%),193.35
"2016","서울시","영등포구",지역내총생산 (당해년 가격) (백만원),30593679
"2016","서울시","영등포구",구성비 (%),7.5
"2016","서울시","영등포구",인구(추계인구) (명),403389
"2016","서울시","영등포구",1인당 지역내총생산 (천원),75842
"2016","서울시","영등포구",수준지수 (서울특별시=100) (%),183.55
"2017","서울시","영등포구",지역내총생산 (당해년 가격) (백만원),32228849
"2017","서울시","영등포구",구성비 (%),7.5
"2017","서울시","영등포구",인구(추계인구) (명),392703
"2017","서울시","영등포구",1인당 지역내총생산 (천원),82069
"2017","서울시","영등포구",수준지수 (서울특별시=100) (%),187.67
"2018","서울시","영등포구",지역내총생산 (당해년 가격) (백만원),35719274
"2018","서울시","영등포구",구성비 (%),7.9
"2018","서울시","영등포구",인구(추계인구) (명),393689
"2018","서울시","영등포구",1인당 지역내총생산 (천원),90730
"2018","서울시","영등포구",수준지수 (서울특별시=100) (%),195.06
"2019","서울시","영등포구",지역내총생산 (당해년 가격) (백만원),37253391
"2019","서울시","영등포구",구성비 (%),8.0
"2019","서울시","영등포구",인구(추계인구) (명),394163
"2019","서울시","영등포구",1인당 지역내총생산 (천원),94513
"2019","서울시","영등포구",수준지수 (서울특별시=100) (%),195.99
"2020","서울시","영등포구",지역내총생산 (당해년 가격) (백만원),41742081
"2020","서울시","영등포구",구성비 (%),8.8
"2020","서울시","영등포구",인구(추계인구) (명),399825
"2020","서울시","영등포구",1인당 지역내총생산 (천원),104401
"2020","서울시","영등포구",수준지수 (서울특별시=100) (%),212.35
"2021","서울시","영등포구",지역내총생산 (당해년 가격) (백만원),47581928
"2021","서울시","영등포구",구성비 (%),9.4
"2021","서울시","영등포구",인구(추계인구) (명),405738
"2021","서울시","영등포구",1인당 지역내총생산 (천원),117273
"2021","서울시","영등포구",수준지수 (서울특별시=100) (%),219.58
"2022","서울시","영등포구",지역내총생산 (당해년 가격) (백만원),50054466
"2022","서울시","영등포구",구성비 (%),9.5
"2022","서울시","영등포구",인구(추계인구) (명),399946
"2022","서울시","영등포구",1인당 지역내총생산 (천원),125153
"2022","서울시","영등포구",수준지수 (서울특별시=100) (%),223.11
"2015","서울시","용산구",지역내총생산 (당해년 가격) (백만원),12981760
"2015","서울시","용산구",구성비 (%),3.4
"2015","서울시","용산구",인구(추계인구) (명),228421
"2015","서울시","용산구",1인당 지역내총생산 (천원),56833
"2015","서울시","용산구",수준지수 (서울특별시=100) (%),146.06
"2016","서울시","용산구",지역내총생산 (당해년 가격) (백만원),13812415
"2016","서울시","용산구",구성비 (%),3.4
"2016","서울시","용산구",인구(추계인구) (명),225202
"2016","서울시","용산구",1인당 지역내총생산 (천원),61333
"2016","서울시","용산구",수준지수 (서울특별시=100) (%),148.44
"2017","서울시","용산구",지역내총생산 (당해년 가격) (백만원),14846427
"2017","서울시","용산구",구성비 (%),3.5
"2017","서울시","용산구",인구(추계인구) (명),223055
"2017","서울시","용산구",1인당 지역내총생산 (천원),66559
"2017","서울시","용산구",수준지수 (서울특별시=100) (%),152.20
"2018","서울시","용산구",지역내총생산 (당해년 가격) (백만원),15083040
"2018","서울시","용산구",구성비 (%),3.3
"2018","서울시","용산구",인구(추계인구) (명),224559
"2018","서울시","용산구",1인당 지역내총생산 (천원),67167
"2018","서울시","용산구",수준지수 (서울특별시=100) (%),144.41
"2019","서울시","용산구",지역내총생산 (당해년 가격) (백만원),15456977
"2019","서울시","용산구",구성비 (%),3.3
"2019","서울시","용산구",인구(추계인구) (명),224419
"2019","서울시","용산구",1인당 지역내총생산 (천원),68876
"2019","서울시","용산구",수준지수 (서울특별시=100) (%),142.82
"2020","서울시","용산구",지역내총생산 (당해년 가격) (백만원),15696785
"2020","서울시","용산구",구성비 (%),3.3
"2020","서울시","용산구",인구(추계인구) (명),225380
"2020","서울시","용산구",1인당 지역내총생산 (천원),69646
"2020","서울시","용산구",수준지수 (서울특별시=100) (%),141.66
"2021","서울시","용산구",지역내총생산 (당해년 가격) (백만원),16407415
"2021","서울시","용산구",구성비 (%),3.2
"2021","서울시","용산구",인구(추계인구) (명),225647
"2021","서울시","용산구",1인당 지역내총생산 (천원),72713
"2021","서울시","용산구",수준지수 (서울특별시=100) (%),136.14
"2022","서울시","용산구",지역내총생산 (당해년 가격) (백만원),17810231
"2022","서울시","용산구",구성비 (%),3.4
"2022","서울시","용산구",인구(추계인구) (명),218951
"2022","서울시","용산구",1인당 지역내총생산 (천원),81343
"2022","서울시","용산구",수준지수 (서울특별시=100) (%),145.01
"2015","서울시","은평구",지역내총생산 (당해년 가격) (백만원),4433678
"2015","서울시","은평구",구성비 (%),1.1
"2015","서울시","은평구",인구(추계인구) (명),478757
"2015","서울시","은평구",1인당 지역내총생산 (천원),9261
"2015","서울시","은평구",수준지수 (서울특별시=100) (%),23.80
"2016","서울시","은평구",지역내총생산 (당해년 가격) (백만원),4601404
"2016","서울시","은평구",구성비 (%),1.1
"2016","서울시","은평구",인구(추계인구) (명),474795
"2016","서울시","은평구",1인당 지역내총생산 (천원),9691
"2016","서울시","은평구",수준지수 (서울특별시=100) (%),23.46
"2017","서울시","은평구",지역내총생산 (당해년 가격) (백만원),4910916
"2017","서울시","은평구",구성비 (%),1.1
"2017","서울시","은평구",인구(추계인구) (명),467412
"2017","서울시","은평구",1인당 지역내총생산 (천원),10507
"2017","서울시","은평구",수준지수 (서울특별시=100) (%),24.03
"2018","서울시","은평구",지역내총생산 (당해년 가격) (백만원),5089665
"2018","서울시","은평구",구성비 (%),1.1
"2018","서울시","은평구",인구(추계인구) (명),465233
"2018","서울시","은평구",1인당 지역내총생산 (천원),10940
"2018","서울시","은평구",수준지수 (서울특별시=100) (%),23.52
"2019","서울시","은평구",지역내총생산 (당해년 가격) (백만원),5285298
"2019","서울시","은평구",구성비 (%),1.1
"2019","서울시","은평구",인구(추계인구) (명),464912
"2019","서울시","은평구",1인당 지역내총생산 (천원),11368
"2019","서울시","은평구",수준지수 (서울특별시=100) (%),23.57
"2020","서울시","은평구",지역내총생산 (당해년 가격) (백만원),5615767
"2020","서울시","은평구",구성비 (%),1.2
"2020","서울시","은평구",인구(추계인구) (명),461528
"2020","서울시","은평구",1인당 지역내총생산 (천원),12168
"2020","서울시","은평구",수준지수 (서울특별시=100) (%),24.75
"2021","서울시","은평구",지역내총생산 (당해년 가격) (백만원),5687396
"2021","서울시","은평구",구성비 (%),1.1
"2021","서울시","은평구",인구(추계인구) (명),458946
"2021","서울시","은평구",1인당 지역내총생산 (천원),12392
"2021","서울시","은평구",수준지수 (서울특별시=100) (%),23.20
"2022","서울시","은평구",지역내총생산 (당해년 가격) (백만원),5783329
"2022","서울시","은평구",구성비 (%),1.1
"2022","서울시","은평구",인구(추계인구) (명),457398
"2022","서울시","은평구",1인당 지역내총생산 (천원),12644
"2022","서울시","은평구",수준지수 (서울특별시=100) (%),22.54
"2015","서울시","종로구",지역내총생산 (당해년 가격) (백만원),26762944
"2015","서울시","종로구",구성비 (%),6.9
"2015","서울시","종로구",인구(추계인구) (명),161331
"2015","서울시","종로구",1인당 지역내총생산 (천원),165888
"2015","서울시","종로구",수준지수 (서울특별시=100) (%),426.33
"2016","서울시","종로구",지역내총생산 (당해년 가격) (백만원),30154311
"2016","서울시","종로구",구성비 (%),7.4
"2016","서울시","종로구",인구(추계인구) (명),159940
"2016","서울시","종로구",1인당 지역내총생산 (천원),188535
"2016","서울시","종로구",수준지수 (서울특별시=100) (%),456.30
"2017","서울시","종로구",지역내총생산 (당해년 가격) (백만원),29054791
"2017","서울시","종로구",구성비 (%),6.8
"2017","서울시","종로구",인구(추계인구) (명),156037
"2017","서울시","종로구",1인당 지역내총생산 (천원),186204
"2017","서울시","종로구",수준지수 (서울특별시=100) (%),425.80
"2018","서울시","종로구",지역내총생산 (당해년 가격) (백만원),30763051
"2018","서울시","종로구",구성비 (%),6.8
"2018","서울시","종로구",인구(추계인구) (명),155929
"2018","서울시","종로구",1인당 지역내총생산 (천원),197289
"2018","서울시","종로구",수준지수 (서울특별시=100) (%),424.16
"2019","서울시","종로구",지역내총생산 (당해년 가격) (백만원),31952991
"2019","서울시","종로구",구성비 (%),6.9
"2019","서울시","종로구",인구(추계인구) (명),154458
"2019","서울시","종로구",1인당 지역내총생산 (천원),206872
"2019","서울시","종로구",수준지수 (서울특별시=100) (%),428.98
"2020","서울시","종로구",지역내총생산 (당해년 가격) (백만원),31074021
"2020","서울시","종로구",구성비 (%),6.6
"2020","서울시","종로구",인구(추계인구) (명),152056
"2020","서울시","종로구",1인당 지역내총생산 (천원),204359
"2020","서울시","종로구",수준지수 (서울특별시=100) (%),415.66
"2021","서울시","종로구",지역내총생산 (당해년 가격) (백만원),33155488
"2021","서울시","종로구",구성비 (%),6.5
"2021","서울시","종로구",인구(추계인구) (명),149705
"2021","서울시","종로구",1인당 지역내총생산 (천원),221472
"2021","서울시","종로구",수준지수 (서울특별시=100) (%),414.68
"2022","서울시","종로구",지역내총생산 (당해년 가격) (백만원),34298656
"2022","서울시","종로구",구성비 (%),6.5
"2022","서울시","종로구",인구(추계인구) (명),146891
"2022","서울시","종로구",1인당 지역내총생산 (천원),233497
"2022","서울시","종로구",수준지수 (서울특별시=100) (%),416.26
"2015","서울시","중구",지역내총생산 (당해년 가격) (백만원),54594969
"2015","서울시","중구",구성비 (%),14.1
"2015","서울시","중구",인구(추계인구) (명),128829
"2015","서울시","중구",1인당 지역내총생산 (천원),423779
"2015","서울시","중구",수준지수 (서울특별시=100) (%),1089.10
"2016","서울시","중구",지역내총생산 (당해년 가격) (백만원),55017722
"2016","서울시","중구",구성비 (%),13.5
"2016","서울시","중구",인구(추계인구) (명),127482
"2016","서울시","중구",1인당 지역내총생산 (천원),431572
"2016","서울시","중구",수준지수 (서울특별시=100) (%),1044.50
"2017","서울시","중구",지역내총생산 (당해년 가격) (백만원),55128878
"2017","서울시","중구",구성비 (%),12.9
"2017","서울시","중구",인구(추계인구) (명),126058
"2017","서울시","중구",1인당 지역내총생산 (천원),437329
"2017","서울시","중구",수준지수 (서울특별시=100) (%),1000.05
"2018","서울시","중구",지역내총생산 (당해년 가격) (백만원),59212461
"2018","서울시","중구",구성비 (%),13.1
"2018","서울시","중구",인구(추계인구) (명),128562
"2018","서울시","중구",1인당 지역내총생산 (천원),460575
"2018","서울시","중구",수준지수 (서울특별시=100) (%),990.21
"2019","서울시","중구",지역내총생산 (당해년 가격) (백만원),59526399
"2019","서울시","중구",구성비 (%),12.8
"2019","서울시","중구",인구(추계인구) (명),128923
"2019","서울시","중구",1인당 지역내총생산 (천원),461721
"2019","서울시","중구",수준지수 (서울특별시=100) (%),957.45
"2020","서울시","중구",지역내총생산 (당해년 가격) (백만원),60292105
"2020","서울시","중구",구성비 (%),12.8
"2020","서울시","중구",인구(추계인구) (명),129218
"2020","서울시","중구",1인당 지역내총생산 (천원),466592
"2020","서울시","중구",수준지수 (서울특별시=100) (%),949.02
"2021","서울시","중구",지역내총생산 (당해년 가격) (백만원),66215962
"2021","서울시","중구",구성비 (%),13.0
"2021","서울시","중구",인구(추계인구) (명),127427
"2021","서울시","중구",1인당 지역내총생산 (천원),519638
"2021","서울시","중구",수준지수 (서울특별시=100) (%),972.95
"2022","서울시","중구",지역내총생산 (당해년 가격) (백만원),71966937
"2022","서울시","중구",구성비 (%),13.6
"2022","서울시","중구",인구(추계인구) (명),124819
"2022","서울시","중구",1인당 지역내총생산 (천원),576570
"2022","서울시","중구",수준지수 (서울특별시=100) (%),1027.87
"2015","서울시","중랑구",지역내총생산 (당해년 가격) (백만원),4108513
"2015","서울시","중랑구",구성비 (%),1.1
"2015","서울시","중랑구",인구(추계인구) (명),406847
"2015","서울시","중랑구",1인당 지역내총생산 (천원),10098
"2015","서울시","중랑구",수준지수 (서울특별시=100) (%),25.95
"2016","서울시","중랑구",지역내총생산 (당해년 가격) (백만원),4323488
"2016","서울시","중랑구",구성비 (%),1.1
"2016","서울시","중랑구",인구(추계인구) (명),402615
"2016","서울시","중랑구",1인당 지역내총생산 (천원),10739
"2016","서울시","중랑구",수준지수 (서울특별시=100) (%),25.99
"2017","서울시","중랑구",지역내총생산 (당해년 가격) (백만원),4550448
"2017","서울시","중랑구",구성비 (%),1.1
"2017","서울시","중랑구",인구(추계인구) (명),397541
"2017","서울시","중랑구",1인당 지역내총생산 (천원),11446
"2017","서울시","중랑구",수준지수 (서울특별시=100) (%),26.17
"2018","서울시","중랑구",지역내총생산 (당해년 가격) (백만원),4709947
"2018","서울시","중랑구",구성비 (%),1.0
"2018","서울시","중랑구",인구(추계인구) (명),393881
"2018","서울시","중랑구",1인당 지역내총생산 (천원),11958
"2018","서울시","중랑구",수준지수 (서울특별시=100) (%),25.71
"2019","서울시","중랑구",지역내총생산 (당해년 가격) (백만원),5059034
"2019","서울시","중랑구",구성비 (%),1.1
"2019","서울시","중랑구",인구(추계인구) (명),389498
"2019","서울시","중랑구",1인당 지역내총생산 (천원),12989
"2019","서울시","중랑구",수준지수 (서울특별시=100) (%),26.93
"2020","서울시","중랑구",지역내총생산 (당해년 가격) (백만원),5224735
"2020","서울시","중랑구",구성비 (%),1.1
"2020","서울시","중랑구",인구(추계인구) (명),384528
"2020","서울시","중랑구",1인당 지역내총생산 (천원),13587
"2020","서울시","중랑구",수준지수 (서울특별시=100) (%),27.64
"2021","서울시","중랑구",지역내총생산 (당해년 가격) (백만원),5368569
"2021","서울시","중랑구",구성비 (%),1.1
"2021","서울시","중랑구",인구(추계인구) (명),381449
"2021","서울시","중랑구",1인당 지역내총생산 (천원),14074
"2021","서울시","중랑구",수준지수 (서울특별시=100) (%),26.35
"2022","서울시","중랑구",지역내총생산 (당해년 가격) (백만원),5287511
"2022","서울시","중랑구",구성비 (%),1.0
"2022","서울시","중랑구",인구(추계인구) (명),380540
"2022","서울시","중랑구",1인당 지역내총생산 (천원),13895
"2022","서울시","중랑구",수준지수 (서울특별시=100) (%),24.77
